Doc_Kategori,Id_Doc,Ukuran_Doc,Path_Doc
Tech,T_395,4914,dataset/tech/395.txt
Tech,T_396,6087,dataset/tech/396.txt
Tech,T_394,4895,dataset/tech/394.txt
Tech,T_392,2037,dataset/tech/392.txt
Tech,T_393,2867,dataset/tech/393.txt
Tech,T_391,4954,dataset/tech/391.txt
Tech,T_379,8828,dataset/tech/379.txt
Tech,T_380,1794,dataset/tech/380.txt
Tech,T_378,3422,dataset/tech/378.txt
Tech,T_381,3071,dataset/tech/381.txt
Tech,T_376,2881,dataset/tech/376.txt
Tech,T_377,1848,dataset/tech/377.txt
Tech,T_360,4733,dataset/tech/360.txt
Tech,T_350,2964,dataset/tech/350.txt
Tech,T_349,4793,dataset/tech/349.txt
Tech,T_348,2590,dataset/tech/348.txt
Tech,T_347,4210,dataset/tech/347.txt
Tech,T_351,2207,dataset/tech/351.txt
Tech,T_346,2384,dataset/tech/346.txt
Tech,T_399,6282,dataset/tech/399.txt
Tech,T_397,2519,dataset/tech/397.txt
Tech,T_400,2316,dataset/tech/400.txt
Tech,T_398,2285,dataset/tech/398.txt
Tech,T_375,2996,dataset/tech/375.txt
Tech,T_335,5056,dataset/tech/335.txt
Tech,T_333,1532,dataset/tech/333.txt
Tech,T_336,4444,dataset/tech/336.txt
Tech,T_334,1300,dataset/tech/334.txt
Tech,T_332,3245,dataset/tech/332.txt
Tech,T_331,1551,dataset/tech/331.txt
Tech,T_385,1883,dataset/tech/385.txt
Tech,T_384,3836,dataset/tech/384.txt
Tech,T_383,4106,dataset/tech/383.txt
Tech,T_386,4521,dataset/tech/386.txt
Tech,T_387,1988,dataset/tech/387.txt
Tech,T_382,3564,dataset/tech/382.txt
Tech,T_388,3582,dataset/tech/388.txt
Tech,T_365,2408,dataset/tech/365.txt
Tech,T_361,3043,dataset/tech/361.txt
Tech,T_366,4747,dataset/tech/366.txt
Tech,T_363,2469,dataset/tech/363.txt
Tech,T_364,5743,dataset/tech/364.txt
Tech,T_362,2849,dataset/tech/362.txt
Tech,T_390,2148,dataset/tech/390.txt
Tech,T_244,2991,dataset/tech/244.txt
Tech,T_245,4153,dataset/tech/245.txt
Tech,T_246,2316,dataset/tech/246.txt
Tech,T_243,2852,dataset/tech/243.txt
Tech,T_241,1420,dataset/tech/241.txt
Tech,T_242,1419,dataset/tech/242.txt
Tech,T_345,1520,dataset/tech/345.txt
Tech,T_290,1931,dataset/tech/290.txt
Tech,T_286,4953,dataset/tech/286.txt
Tech,T_288,4705,dataset/tech/288.txt
Tech,T_289,2499,dataset/tech/289.txt
Tech,T_291,4207,dataset/tech/291.txt
Tech,T_287,1945,dataset/tech/287.txt
Tech,T_401,16161,dataset/tech/401.txt
Tech,T_330,1746,dataset/tech/330.txt
Tech,T_276,3244,dataset/tech/276.txt
Tech,T_275,2965,dataset/tech/275.txt
Tech,T_273,2626,dataset/tech/273.txt
Tech,T_274,2234,dataset/tech/274.txt
Tech,T_272,1648,dataset/tech/272.txt
Tech,T_389,3897,dataset/tech/389.txt
Tech,T_373,2638,dataset/tech/373.txt
Tech,T_367,3020,dataset/tech/367.txt
Tech,T_370,3997,dataset/tech/370.txt
Tech,T_372,1951,dataset/tech/372.txt
Tech,T_369,2325,dataset/tech/369.txt
Tech,T_368,2791,dataset/tech/368.txt
Tech,T_371,3861,dataset/tech/371.txt
Tech,T_319,4738,dataset/tech/319.txt
Tech,T_321,2499,dataset/tech/321.txt
Tech,T_318,2482,dataset/tech/318.txt
Tech,T_316,3694,dataset/tech/316.txt
Tech,T_320,2877,dataset/tech/320.txt
Tech,T_317,1055,dataset/tech/317.txt
Tech,T_326,1953,dataset/tech/326.txt
Tech,T_325,3778,dataset/tech/325.txt
Tech,T_327,1835,dataset/tech/327.txt
Tech,T_323,2174,dataset/tech/323.txt
Tech,T_324,2131,dataset/tech/324.txt
Tech,T_322,3921,dataset/tech/322.txt
Tech,T_328,1989,dataset/tech/328.txt
Tech,T_374,1537,dataset/tech/374.txt
Tech,T_201,2488,dataset/tech/201.txt
Tech,T_198,5090,dataset/tech/198.txt
Tech,T_197,2151,dataset/tech/197.txt
Tech,T_200,2298,dataset/tech/200.txt
Tech,T_199,4777,dataset/tech/199.txt
Tech,T_196,2615,dataset/tech/196.txt
Tech,T_315,3130,dataset/tech/315.txt
Tech,T_259,2006,dataset/tech/259.txt
Tech,T_261,2982,dataset/tech/261.txt
Tech,T_258,1631,dataset/tech/258.txt
Tech,T_256,2785,dataset/tech/256.txt
Tech,T_260,2507,dataset/tech/260.txt
Tech,T_257,1725,dataset/tech/257.txt
Tech,T_357,3114,dataset/tech/357.txt
Tech,T_355,2449,dataset/tech/355.txt
Tech,T_354,5126,dataset/tech/354.txt
Tech,T_358,5855,dataset/tech/358.txt
Tech,T_356,3020,dataset/tech/356.txt
Tech,T_352,1524,dataset/tech/352.txt
Tech,T_353,2923,dataset/tech/353.txt
Tech,T_306,4291,dataset/tech/306.txt
Tech,T_302,2391,dataset/tech/302.txt
Tech,T_303,1678,dataset/tech/303.txt
Tech,T_304,4419,dataset/tech/304.txt
Tech,T_305,3980,dataset/tech/305.txt
Tech,T_301,5894,dataset/tech/301.txt
Tech,T_270,4284,dataset/tech/270.txt
Tech,T_262,1294,dataset/tech/262.txt
Tech,T_267,3278,dataset/tech/267.txt
Tech,T_265,2130,dataset/tech/265.txt
Tech,T_264,4682,dataset/tech/264.txt
Tech,T_266,1986,dataset/tech/266.txt
Tech,T_240,3796,dataset/tech/240.txt
Tech,T_359,2327,dataset/tech/359.txt
Tech,T_186,2126,dataset/tech/186.txt
Tech,T_182,1595,dataset/tech/182.txt
Tech,T_184,4374,dataset/tech/184.txt
Tech,T_183,2125,dataset/tech/183.txt
Tech,T_185,3292,dataset/tech/185.txt
Tech,T_307,4055,dataset/tech/307.txt
Tech,T_309,4809,dataset/tech/309.txt
Tech,T_311,5293,dataset/tech/311.txt
Tech,T_308,2893,dataset/tech/308.txt
Tech,T_312,4043,dataset/tech/312.txt
Tech,T_310,2188,dataset/tech/310.txt
Tech,T_313,5103,dataset/tech/313.txt
Tech,T_229,5103,dataset/tech/229.txt
Tech,T_230,1946,dataset/tech/230.txt
Tech,T_231,2759,dataset/tech/231.txt
Tech,T_227,2285,dataset/tech/227.txt
Tech,T_226,3207,dataset/tech/226.txt
Tech,T_228,3834,dataset/tech/228.txt
Tech,T_268,3459,dataset/tech/268.txt
Tech,T_285,4419,dataset/tech/285.txt
Tech,T_108,3647,dataset/tech/108.txt
Tech,T_110,5812,dataset/tech/110.txt
Tech,T_107,1943,dataset/tech/107.txt
Tech,T_109,2200,dataset/tech/109.txt
Tech,T_111,1749,dataset/tech/111.txt
Tech,T_106,3954,dataset/tech/106.txt
Tech,T_271,1704,dataset/tech/271.txt
Tech,T_342,2237,dataset/tech/342.txt
Tech,T_338,3856,dataset/tech/338.txt
Tech,T_341,1493,dataset/tech/341.txt
Tech,T_340,2812,dataset/tech/340.txt
Tech,T_343,2047,dataset/tech/343.txt
Tech,T_337,4214,dataset/tech/337.txt
Tech,T_339,1546,dataset/tech/339.txt
Tech,T_195,3497,dataset/tech/195.txt
Tech,T_213,3512,dataset/tech/213.txt
Tech,T_214,2293,dataset/tech/214.txt
Tech,T_212,3620,dataset/tech/212.txt
Tech,T_216,4335,dataset/tech/216.txt
Tech,T_215,2751,dataset/tech/215.txt
Tech,T_211,3207,dataset/tech/211.txt
Tech,T_255,1928,dataset/tech/255.txt
Tech,T_300,4695,dataset/tech/300.txt
Tech,T_061,2490,dataset/tech/061.txt
Tech,T_065,1946,dataset/tech/065.txt
Tech,T_064,3857,dataset/tech/064.txt
Tech,T_063,2579,dataset/tech/063.txt
Tech,T_066,3071,dataset/tech/066.txt
Tech,T_062,2482,dataset/tech/062.txt
Tech,T_189,3049,dataset/tech/189.txt
Tech,T_190,1915,dataset/tech/190.txt
Tech,T_191,3706,dataset/tech/191.txt
Tech,T_192,2323,dataset/tech/192.txt
Tech,T_187,3791,dataset/tech/187.txt
Tech,T_188,7813,dataset/tech/188.txt
Tech,T_193,3866,dataset/tech/193.txt
Tech,T_252,1735,dataset/tech/252.txt
Tech,T_251,2732,dataset/tech/251.txt
Tech,T_249,1997,dataset/tech/249.txt
Tech,T_253,2270,dataset/tech/253.txt
Tech,T_250,2079,dataset/tech/250.txt
Tech,T_247,1642,dataset/tech/247.txt
Tech,T_248,1583,dataset/tech/248.txt
Tech,T_314,1532,dataset/tech/314.txt
Tech,T_060,1734,dataset/tech/060.txt
Tech,T_237,1431,dataset/tech/237.txt
Tech,T_235,3935,dataset/tech/235.txt
Tech,T_236,2377,dataset/tech/236.txt
Tech,T_234,3887,dataset/tech/234.txt
Tech,T_238,1007,dataset/tech/238.txt
Tech,T_232,1357,dataset/tech/232.txt
Tech,T_233,1768,dataset/tech/233.txt
Tech,T_225,3633,dataset/tech/225.txt
Tech,T_181,1565,dataset/tech/181.txt
Tech,T_153,3283,dataset/tech/153.txt
Tech,T_151,3752,dataset/tech/151.txt
Tech,T_156,4124,dataset/tech/156.txt
Tech,T_155,4612,dataset/tech/155.txt
Tech,T_154,5709,dataset/tech/154.txt
Tech,T_152,2045,dataset/tech/152.txt
Tech,T_294,4615,dataset/tech/294.txt
Tech,T_297,2507,dataset/tech/297.txt
Tech,T_296,3866,dataset/tech/296.txt
Tech,T_295,3834,dataset/tech/295.txt
Tech,T_293,4124,dataset/tech/293.txt
Tech,T_298,2579,dataset/tech/298.txt
Tech,T_292,2440,dataset/tech/292.txt
Tech,T_105,2534,dataset/tech/105.txt
Tech,T_344,1627,dataset/tech/344.txt
Tech,T_329,2884,dataset/tech/329.txt
Tech,T_282,3379,dataset/tech/282.txt
Tech,T_283,4330,dataset/tech/283.txt
Tech,T_279,2391,dataset/tech/279.txt
Tech,T_280,3355,dataset/tech/280.txt
Tech,T_281,4571,dataset/tech/281.txt
Tech,T_277,3588,dataset/tech/277.txt
Tech,T_278,2756,dataset/tech/278.txt
Tech,T_180,3318,dataset/tech/180.txt
Tech,T_102,4354,dataset/tech/102.txt
Tech,T_101,2072,dataset/tech/101.txt
Tech,T_103,3582,dataset/tech/103.txt
Tech,T_099,4320,dataset/tech/099.txt
Tech,T_097,2779,dataset/tech/097.txt
Tech,T_098,2499,dataset/tech/098.txt
Tech,T_100,2072,dataset/tech/100.txt
Tech,T_263,2579,dataset/tech/263.txt
Tech,T_210,3181,dataset/tech/210.txt
Tech,T_034,3397,dataset/tech/034.txt
Tech,T_033,2095,dataset/tech/033.txt
Tech,T_035,2557,dataset/tech/035.txt
Tech,T_031,5220,dataset/tech/031.txt
Tech,T_036,1330,dataset/tech/036.txt
Tech,T_032,5104,dataset/tech/032.txt
Tech,T_075,1678,dataset/tech/075.txt
Tech,T_104,2898,dataset/tech/104.txt
Tech,T_194,2176,dataset/tech/194.txt
Tech,T_254,1581,dataset/tech/254.txt
Tech,T_239,1351,dataset/tech/239.txt
Tech,T_120,3031,dataset/tech/120.txt
Tech,T_115,2504,dataset/tech/115.txt
Tech,T_114,2678,dataset/tech/114.txt
Tech,T_117,1735,dataset/tech/117.txt
Tech,T_116,1928,dataset/tech/116.txt
Tech,T_112,1856,dataset/tech/112.txt
Tech,T_113,3358,dataset/tech/113.txt
Tech,T_179,2455,dataset/tech/179.txt
Tech,T_121,2203,dataset/tech/121.txt
Tech,T_141,2285,dataset/tech/141.txt
Tech,T_137,5491,dataset/tech/137.txt
Tech,T_140,2832,dataset/tech/140.txt
Tech,T_139,4352,dataset/tech/139.txt
Tech,T_138,3720,dataset/tech/138.txt
Tech,T_072,5398,dataset/tech/072.txt
Tech,T_068,2380,dataset/tech/068.txt
Tech,T_070,1808,dataset/tech/070.txt
Tech,T_069,3271,dataset/tech/069.txt
Tech,T_071,4173,dataset/tech/071.txt
Tech,T_073,3345,dataset/tech/073.txt
Tech,T_067,3564,dataset/tech/067.txt
Tech,T_269,2467,dataset/tech/269.txt
Tech,T_168,3292,dataset/tech/168.txt
Tech,T_170,3247,dataset/tech/170.txt
Tech,T_171,1843,dataset/tech/171.txt
Tech,T_167,2751,dataset/tech/167.txt
Tech,T_169,1768,dataset/tech/169.txt
Tech,T_205,2279,dataset/tech/205.txt
Tech,T_207,1799,dataset/tech/207.txt
Tech,T_206,4022,dataset/tech/206.txt
Tech,T_202,2889,dataset/tech/202.txt
Tech,T_203,2700,dataset/tech/203.txt
Tech,T_208,3714,dataset/tech/208.txt
Tech,T_204,2278,dataset/tech/204.txt
Tech,T_056,3528,dataset/tech/056.txt
Tech,T_054,1534,dataset/tech/054.txt
Tech,T_057,1379,dataset/tech/057.txt
Tech,T_058,2027,dataset/tech/058.txt
Tech,T_052,2575,dataset/tech/052.txt
Tech,T_053,2598,dataset/tech/053.txt
Tech,T_055,1532,dataset/tech/055.txt
Tech,T_150,2033,dataset/tech/150.txt
Tech,T_299,4284,dataset/tech/299.txt
Tech,T_284,975,dataset/tech/284.txt
Tech,T_125,3865,dataset/tech/125.txt
Tech,T_123,3485,dataset/tech/123.txt
Tech,T_124,2154,dataset/tech/124.txt
Tech,T_126,1843,dataset/tech/126.txt
Tech,T_122,4043,dataset/tech/122.txt
Tech,T_220,3165,dataset/tech/220.txt
Tech,T_221,2144,dataset/tech/221.txt
Tech,T_222,4206,dataset/tech/222.txt
Tech,T_223,3099,dataset/tech/223.txt
Tech,T_219,1937,dataset/tech/219.txt
Tech,T_218,3125,dataset/tech/218.txt
Tech,T_217,2480,dataset/tech/217.txt
Tech,T_174,5100,dataset/tech/174.txt
Tech,T_172,2087,dataset/tech/172.txt
Tech,T_177,2440,dataset/tech/177.txt
Tech,T_173,4527,dataset/tech/173.txt
Tech,T_178,2598,dataset/tech/178.txt
Tech,T_176,1692,dataset/tech/176.txt
Tech,T_175,2527,dataset/tech/175.txt
Tech,T_077,3720,dataset/tech/077.txt
Tech,T_078,2006,dataset/tech/078.txt
Tech,T_080,1732,dataset/tech/080.txt
Tech,T_079,2638,dataset/tech/079.txt
Tech,T_081,2867,dataset/tech/081.txt
Tech,T_076,2033,dataset/tech/076.txt
Tech,T_059,3921,dataset/tech/059.txt
Tech,T_166,2198,dataset/tech/166.txt
Tech,T_159,2452,dataset/tech/159.txt
Tech,T_163,4207,dataset/tech/163.txt
Tech,T_160,1846,dataset/tech/160.txt
Tech,T_162,1382,dataset/tech/162.txt
Tech,T_161,5013,dataset/tech/161.txt
Tech,T_157,3164,dataset/tech/157.txt
Tech,T_158,2379,dataset/tech/158.txt
Tech,T_224,1938,dataset/tech/224.txt
Tech,T_209,1466,dataset/tech/209.txt
Tech,T_143,3039,dataset/tech/143.txt
Tech,T_146,2377,dataset/tech/146.txt
Tech,T_145,3061,dataset/tech/145.txt
Tech,T_142,4611,dataset/tech/142.txt
Tech,T_148,2099,dataset/tech/148.txt
Tech,T_144,4470,dataset/tech/144.txt
Tech,T_147,2452,dataset/tech/147.txt
Tech,T_022,1794,dataset/tech/022.txt
Tech,T_027,3130,dataset/tech/027.txt
Tech,T_026,2659,dataset/tech/026.txt
Tech,T_025,1055,dataset/tech/025.txt
Tech,T_023,2342,dataset/tech/023.txt
Tech,T_028,2688,dataset/tech/028.txt
Tech,T_024,1602,dataset/tech/024.txt
Tech,T_165,2198,dataset/tech/165.txt
Tech,T_094,5103,dataset/tech/094.txt
Tech,T_095,5147,dataset/tech/095.txt
Tech,T_092,2544,dataset/tech/092.txt
Tech,T_096,1848,dataset/tech/096.txt
Tech,T_030,1808,dataset/tech/030.txt
Tech,T_074,2789,dataset/tech/074.txt
Tech,T_136,1857,dataset/tech/136.txt
Tech,T_135,5051,dataset/tech/135.txt
Tech,T_131,2455,dataset/tech/131.txt
Tech,T_127,2084,dataset/tech/127.txt
Tech,T_130,2596,dataset/tech/130.txt
Tech,T_133,3318,dataset/tech/133.txt
Tech,T_129,2527,dataset/tech/129.txt
Tech,T_128,1537,dataset/tech/128.txt
Tech,T_020,2802,dataset/tech/020.txt
Tech,T_018,2210,dataset/tech/018.txt
Tech,T_019,2876,dataset/tech/019.txt
Tech,T_021,1989,dataset/tech/021.txt
Tech,T_017,2951,dataset/tech/017.txt
Tech,T_149,1382,dataset/tech/149.txt
Tech,T_050,2552,dataset/tech/050.txt
Tech,T_049,2801,dataset/tech/049.txt
Tech,T_048,2236,dataset/tech/048.txt
Tech,T_047,1835,dataset/tech/047.txt
Tech,T_051,2174,dataset/tech/051.txt
Tech,T_046,2106,dataset/tech/046.txt
Tech,T_118,1988,dataset/tech/118.txt
Tech,T_119,2213,dataset/tech/119.txt
Tech,T_090,4043,dataset/tech/090.txt
Tech,T_085,2311,dataset/tech/085.txt
Tech,T_082,2900,dataset/tech/082.txt
Tech,T_086,2937,dataset/tech/086.txt
Tech,T_087,3841,dataset/tech/087.txt
Tech,T_088,2985,dataset/tech/088.txt
Tech,T_084,2964,dataset/tech/084.txt
Tech,T_009,7123,dataset/tech/009.txt
Tech,T_008,1735,dataset/tech/008.txt
Tech,T_012,1551,dataset/tech/012.txt
Tech,T_013,3075,dataset/tech/013.txt
Tech,T_011,3375,dataset/tech/011.txt
Tech,T_007,1741,dataset/tech/007.txt
Tech,T_010,2939,dataset/tech/010.txt
Tech,T_093,4392,dataset/tech/093.txt
Tech,T_043,2162,dataset/tech/043.txt
Tech,T_042,1546,dataset/tech/042.txt
Tech,T_039,1300,dataset/tech/039.txt
Tech,T_041,2881,dataset/tech/041.txt
Tech,T_038,2075,dataset/tech/038.txt
Tech,T_040,3245,dataset/tech/040.txt
Tech,T_037,1528,dataset/tech/037.txt
Tech,T_164,5184,dataset/tech/164.txt
Tech,T_091,2226,dataset/tech/091.txt
Tech,T_132,1692,dataset/tech/132.txt
Tech,T_045,1490,dataset/tech/045.txt
Tech,T_016,3964,dataset/tech/016.txt
Tech,T_029,2260,dataset/tech/029.txt
Tech,T_134,3498,dataset/tech/134.txt
Tech,T_015,1701,dataset/tech/015.txt
Tech,T_044,2131,dataset/tech/044.txt
Tech,T_083,2893,dataset/tech/083.txt
Tech,T_014,1746,dataset/tech/014.txt
Tech,T_089,2188,dataset/tech/089.txt
Tech,T_001,4044,dataset/tech/001.txt
Tech,T_006,3931,dataset/tech/006.txt
Tech,T_004,2579,dataset/tech/004.txt
Tech,T_003,1330,dataset/tech/003.txt
Tech,T_005,4901,dataset/tech/005.txt
Tech,T_002,2208,dataset/tech/002.txt
Politics,P_406,5672,dataset/politics/406.txt
Politics,P_407,2711,dataset/politics/407.txt
Politics,P_408,3537,dataset/politics/408.txt
Politics,P_409,1668,dataset/politics/409.txt
Politics,P_405,3248,dataset/politics/405.txt
Politics,P_404,1558,dataset/politics/404.txt
Politics,P_373,4047,dataset/politics/373.txt
Politics,P_392,1934,dataset/politics/392.txt
Politics,P_394,2656,dataset/politics/394.txt
Politics,P_389,3477,dataset/politics/389.txt
Politics,P_391,1063,dataset/politics/391.txt
Politics,P_393,4452,dataset/politics/393.txt
Politics,P_390,3539,dataset/politics/390.txt
Politics,P_403,2861,dataset/politics/403.txt
Politics,P_378,3425,dataset/politics/378.txt
Politics,P_377,1708,dataset/politics/377.txt
Politics,P_379,2973,dataset/politics/379.txt
Politics,P_376,1484,dataset/politics/376.txt
Politics,P_374,2387,dataset/politics/374.txt
Politics,P_375,4128,dataset/politics/375.txt
Politics,P_413,1155,dataset/politics/413.txt
Politics,P_415,1508,dataset/politics/415.txt
Politics,P_411,4898,dataset/politics/411.txt
Politics,P_414,3106,dataset/politics/414.txt
Politics,P_410,1576,dataset/politics/410.txt
Politics,P_412,1414,dataset/politics/412.txt
Politics,P_416,1733,dataset/politics/416.txt
Politics,P_388,3111,dataset/politics/388.txt
Politics,P_395,2900,dataset/politics/395.txt
Politics,P_397,503,dataset/politics/397.txt
Politics,P_398,865,dataset/politics/398.txt
Politics,P_399,3298,dataset/politics/399.txt
Politics,P_402,1648,dataset/politics/402.txt
Politics,P_401,1488,dataset/politics/401.txt
Politics,P_396,4164,dataset/politics/396.txt
Politics,P_228,1780,dataset/politics/228.txt
Politics,P_227,2919,dataset/politics/227.txt
Politics,P_229,2920,dataset/politics/229.txt
Politics,P_226,1787,dataset/politics/226.txt
Politics,P_224,3550,dataset/politics/224.txt
Politics,P_225,2389,dataset/politics/225.txt
Politics,P_244,2889,dataset/politics/244.txt
Politics,P_243,1220,dataset/politics/243.txt
Politics,P_242,2770,dataset/politics/242.txt
Politics,P_240,2254,dataset/politics/240.txt
Politics,P_241,3393,dataset/politics/241.txt
Politics,P_239,2484,dataset/politics/239.txt
Politics,P_381,1056,dataset/politics/381.txt
Politics,P_385,1967,dataset/politics/385.txt
Politics,P_384,3522,dataset/politics/384.txt
Politics,P_383,3113,dataset/politics/383.txt
Politics,P_382,3166,dataset/politics/382.txt
Politics,P_380,18417,dataset/politics/380.txt
Politics,P_386,2695,dataset/politics/386.txt
Politics,P_362,3427,dataset/politics/362.txt
Politics,P_363,2236,dataset/politics/363.txt
Politics,P_360,2940,dataset/politics/360.txt
Politics,P_361,3132,dataset/politics/361.txt
Politics,P_364,2414,dataset/politics/364.txt
Politics,P_359,2860,dataset/politics/359.txt
Politics,P_367,2848,dataset/politics/367.txt
Politics,P_369,2306,dataset/politics/369.txt
Politics,P_368,2969,dataset/politics/368.txt
Politics,P_365,2149,dataset/politics/365.txt
Politics,P_370,3326,dataset/politics/370.txt
Politics,P_366,3000,dataset/politics/366.txt
Politics,P_371,2232,dataset/politics/371.txt
Politics,P_372,3082,dataset/politics/372.txt
Politics,P_093,1584,dataset/politics/093.txt
Politics,P_092,2450,dataset/politics/092.txt
Politics,P_094,3010,dataset/politics/094.txt
Politics,P_089,3579,dataset/politics/089.txt
Politics,P_091,1108,dataset/politics/091.txt
Politics,P_090,1731,dataset/politics/090.txt
Politics,P_198,2813,dataset/politics/198.txt
Politics,P_196,2604,dataset/politics/196.txt
Politics,P_199,2646,dataset/politics/199.txt
Politics,P_197,1866,dataset/politics/197.txt
Politics,P_194,1628,dataset/politics/194.txt
Politics,P_195,1942,dataset/politics/195.txt
Politics,P_259,4145,dataset/politics/259.txt
Politics,P_256,3354,dataset/politics/256.txt
Politics,P_257,3354,dataset/politics/257.txt
Politics,P_255,3584,dataset/politics/255.txt
Politics,P_258,3569,dataset/politics/258.txt
Politics,P_254,4440,dataset/politics/254.txt
Politics,P_349,3846,dataset/politics/349.txt
Politics,P_346,2147,dataset/politics/346.txt
Politics,P_347,2847,dataset/politics/347.txt
Politics,P_348,2869,dataset/politics/348.txt
Politics,P_345,2022,dataset/politics/345.txt
Politics,P_344,3371,dataset/politics/344.txt
Politics,P_273,2476,dataset/politics/273.txt
Politics,P_272,3182,dataset/politics/272.txt
Politics,P_269,1046,dataset/politics/269.txt
Politics,P_271,3315,dataset/politics/271.txt
Politics,P_274,2154,dataset/politics/274.txt
Politics,P_270,2950,dataset/politics/270.txt
Politics,P_302,2656,dataset/politics/302.txt
Politics,P_304,962,dataset/politics/304.txt
Politics,P_301,3053,dataset/politics/301.txt
Politics,P_303,3537,dataset/politics/303.txt
Politics,P_299,2010,dataset/politics/299.txt
Politics,P_300,3153,dataset/politics/300.txt
Politics,P_417,2837,dataset/politics/417.txt
Politics,P_400,3888,dataset/politics/400.txt
Politics,P_121,3247,dataset/politics/121.txt
Politics,P_122,3393,dataset/politics/122.txt
Politics,P_119,2798,dataset/politics/119.txt
Politics,P_124,3508,dataset/politics/124.txt
Politics,P_123,960,dataset/politics/123.txt
Politics,P_120,2255,dataset/politics/120.txt
Politics,P_046,2565,dataset/politics/046.txt
Politics,P_047,2981,dataset/politics/047.txt
Politics,P_048,3269,dataset/politics/048.txt
Politics,P_049,2765,dataset/politics/049.txt
Politics,P_044,1338,dataset/politics/044.txt
Politics,P_045,1645,dataset/politics/045.txt
Politics,P_289,2506,dataset/politics/289.txt
Politics,P_286,2223,dataset/politics/286.txt
Politics,P_284,3743,dataset/politics/284.txt
Politics,P_287,1538,dataset/politics/287.txt
Politics,P_288,1940,dataset/politics/288.txt
Politics,P_285,1569,dataset/politics/285.txt
Politics,P_387,2643,dataset/politics/387.txt
Politics,P_358,1657,dataset/politics/358.txt
Politics,P_231,2439,dataset/politics/231.txt
Politics,P_234,3503,dataset/politics/234.txt
Politics,P_236,963,dataset/politics/236.txt
Politics,P_230,2975,dataset/politics/230.txt
Politics,P_232,1933,dataset/politics/232.txt
Politics,P_235,1034,dataset/politics/235.txt
Politics,P_233,1997,dataset/politics/233.txt
Politics,P_043,1431,dataset/politics/043.txt
Politics,P_193,3071,dataset/politics/193.txt
Politics,P_088,3302,dataset/politics/088.txt
Politics,P_317,2743,dataset/politics/317.txt
Politics,P_318,1845,dataset/politics/318.txt
Politics,P_319,2826,dataset/politics/319.txt
Politics,P_314,1576,dataset/politics/314.txt
Politics,P_316,2526,dataset/politics/316.txt
Politics,P_315,4214,dataset/politics/315.txt
Politics,P_253,3634,dataset/politics/253.txt
Politics,P_355,2917,dataset/politics/355.txt
Politics,P_353,5091,dataset/politics/353.txt
Politics,P_350,2677,dataset/politics/350.txt
Politics,P_354,1719,dataset/politics/354.txt
Politics,P_351,2990,dataset/politics/351.txt
Politics,P_352,2913,dataset/politics/352.txt
Politics,P_356,2859,dataset/politics/356.txt
Politics,P_343,967,dataset/politics/343.txt
Politics,P_330,1479,dataset/politics/330.txt
Politics,P_331,2948,dataset/politics/331.txt
Politics,P_333,2604,dataset/politics/333.txt
Politics,P_334,2559,dataset/politics/334.txt
Politics,P_332,2557,dataset/politics/332.txt
Politics,P_329,936,dataset/politics/329.txt
Politics,P_268,3167,dataset/politics/268.txt
Politics,P_298,3011,dataset/politics/298.txt
Politics,P_238,2173,dataset/politics/238.txt
Politics,P_223,1919,dataset/politics/223.txt
Politics,P_212,931,dataset/politics/212.txt
Politics,P_213,3531,dataset/politics/213.txt
Politics,P_211,3145,dataset/politics/211.txt
Politics,P_214,2928,dataset/politics/214.txt
Politics,P_210,3056,dataset/politics/210.txt
Politics,P_209,2114,dataset/politics/209.txt
Politics,P_295,1931,dataset/politics/295.txt
Politics,P_294,1879,dataset/politics/294.txt
Politics,P_293,13829,dataset/politics/293.txt
Politics,P_292,3876,dataset/politics/292.txt
Politics,P_290,25485,dataset/politics/290.txt
Politics,P_296,1839,dataset/politics/296.txt
Politics,P_291,1061,dataset/politics/291.txt
Politics,P_205,2632,dataset/politics/205.txt
Politics,P_201,1982,dataset/politics/201.txt
Politics,P_206,1448,dataset/politics/206.txt
Politics,P_202,2710,dataset/politics/202.txt
Politics,P_203,2529,dataset/politics/203.txt
Politics,P_204,2602,dataset/politics/204.txt
Politics,P_200,2569,dataset/politics/200.txt
Politics,P_336,4561,dataset/politics/336.txt
Politics,P_337,3378,dataset/politics/337.txt
Politics,P_338,2604,dataset/politics/338.txt
Politics,P_335,2344,dataset/politics/335.txt
Politics,P_340,3453,dataset/politics/340.txt
Politics,P_339,3192,dataset/politics/339.txt
Politics,P_341,1919,dataset/politics/341.txt
Politics,P_118,2497,dataset/politics/118.txt
Politics,P_208,1793,dataset/politics/208.txt
Politics,P_283,2907,dataset/politics/283.txt
Politics,P_275,2513,dataset/politics/275.txt
Politics,P_279,2920,dataset/politics/279.txt
Politics,P_276,2780,dataset/politics/276.txt
Politics,P_280,1921,dataset/politics/280.txt
Politics,P_278,1935,dataset/politics/278.txt
Politics,P_281,2884,dataset/politics/281.txt
Politics,P_277,1776,dataset/politics/277.txt
Politics,P_215,4061,dataset/politics/215.txt
Politics,P_219,2932,dataset/politics/219.txt
Politics,P_218,3634,dataset/politics/218.txt
Politics,P_216,2220,dataset/politics/216.txt
Politics,P_220,2728,dataset/politics/220.txt
Politics,P_221,2959,dataset/politics/221.txt
Politics,P_217,1685,dataset/politics/217.txt
Politics,P_114,1773,dataset/politics/114.txt
Politics,P_112,2171,dataset/politics/112.txt
Politics,P_110,2844,dataset/politics/110.txt
Politics,P_111,5426,dataset/politics/111.txt
Politics,P_115,3450,dataset/politics/115.txt
Politics,P_113,1757,dataset/politics/113.txt
Politics,P_116,3024,dataset/politics/116.txt
Politics,P_186,2672,dataset/politics/186.txt
Politics,P_185,2436,dataset/politics/185.txt
Politics,P_189,3195,dataset/politics/189.txt
Politics,P_190,1590,dataset/politics/190.txt
Politics,P_187,2316,dataset/politics/187.txt
Politics,P_191,1352,dataset/politics/191.txt
Politics,P_188,1228,dataset/politics/188.txt
Politics,P_325,1787,dataset/politics/325.txt
Politics,P_323,1492,dataset/politics/323.txt
Politics,P_324,3631,dataset/politics/324.txt
Politics,P_322,2761,dataset/politics/322.txt
Politics,P_320,3299,dataset/politics/320.txt
Politics,P_326,2450,dataset/politics/326.txt
Politics,P_321,1685,dataset/politics/321.txt
Politics,P_222,1879,dataset/politics/222.txt
Politics,P_306,2204,dataset/politics/306.txt
Politics,P_308,1142,dataset/politics/308.txt
Politics,P_310,960,dataset/politics/310.txt
Politics,P_305,3185,dataset/politics/305.txt
Politics,P_307,1791,dataset/politics/307.txt
Politics,P_309,1442,dataset/politics/309.txt
Politics,P_311,2285,dataset/politics/311.txt
Politics,P_313,2374,dataset/politics/313.txt
Politics,P_357,2001,dataset/politics/357.txt
Politics,P_038,1931,dataset/politics/038.txt
Politics,P_036,2358,dataset/politics/036.txt
Politics,P_035,1413,dataset/politics/035.txt
Politics,P_039,3150,dataset/politics/039.txt
Politics,P_037,1290,dataset/politics/037.txt
Politics,P_040,3420,dataset/politics/040.txt
Politics,P_041,3850,dataset/politics/041.txt
Politics,P_084,1556,dataset/politics/084.txt
Politics,P_085,3121,dataset/politics/085.txt
Politics,P_082,3104,dataset/politics/082.txt
Politics,P_086,2382,dataset/politics/086.txt
Politics,P_081,2002,dataset/politics/081.txt
Politics,P_083,1569,dataset/politics/083.txt
Politics,P_080,3104,dataset/politics/080.txt
Politics,P_245,3018,dataset/politics/245.txt
Politics,P_247,1580,dataset/politics/247.txt
Politics,P_250,6637,dataset/politics/250.txt
Politics,P_248,1708,dataset/politics/248.txt
Politics,P_249,812,dataset/politics/249.txt
Politics,P_251,4334,dataset/politics/251.txt
Politics,P_246,3528,dataset/politics/246.txt
Politics,P_328,3837,dataset/politics/328.txt
Politics,P_261,3304,dataset/politics/261.txt
Politics,P_262,2895,dataset/politics/262.txt
Politics,P_266,1837,dataset/politics/266.txt
Politics,P_263,4686,dataset/politics/263.txt
Politics,P_260,3085,dataset/politics/260.txt
Politics,P_264,3531,dataset/politics/264.txt
Politics,P_265,2142,dataset/politics/265.txt
Politics,P_267,4883,dataset/politics/267.txt
Politics,P_297,2611,dataset/politics/297.txt
Politics,P_237,960,dataset/politics/237.txt
Politics,P_252,3253,dataset/politics/252.txt
Politics,P_342,2082,dataset/politics/342.txt
Politics,P_042,3199,dataset/politics/042.txt
Politics,P_087,3721,dataset/politics/087.txt
Politics,P_327,4256,dataset/politics/327.txt
Politics,P_117,1538,dataset/politics/117.txt
Politics,P_192,3514,dataset/politics/192.txt
Politics,P_282,3433,dataset/politics/282.txt
Politics,P_207,1486,dataset/politics/207.txt
Politics,P_060,2499,dataset/politics/060.txt
Politics,P_063,1506,dataset/politics/063.txt
Politics,P_062,3457,dataset/politics/062.txt
Politics,P_064,1853,dataset/politics/064.txt
Politics,P_061,1878,dataset/politics/061.txt
Politics,P_312,2273,dataset/politics/312.txt
Politics,P_152,2846,dataset/politics/152.txt
Politics,P_154,2873,dataset/politics/154.txt
Politics,P_149,2437,dataset/politics/149.txt
Politics,P_150,1455,dataset/politics/150.txt
Politics,P_153,2523,dataset/politics/153.txt
Politics,P_031,2842,dataset/politics/031.txt
Politics,P_034,2647,dataset/politics/034.txt
Politics,P_030,2285,dataset/politics/030.txt
Politics,P_033,2781,dataset/politics/033.txt
Politics,P_032,2106,dataset/politics/032.txt
Politics,P_054,1457,dataset/politics/054.txt
Politics,P_056,3108,dataset/politics/056.txt
Politics,P_050,4130,dataset/politics/050.txt
Politics,P_053,3256,dataset/politics/053.txt
Politics,P_052,2613,dataset/politics/052.txt
Politics,P_051,2396,dataset/politics/051.txt
Politics,P_055,3174,dataset/politics/055.txt
Politics,P_147,2781,dataset/politics/147.txt
Politics,P_144,1227,dataset/politics/144.txt
Politics,P_146,2252,dataset/politics/146.txt
Politics,P_140,1369,dataset/politics/140.txt
Politics,P_142,3213,dataset/politics/142.txt
Politics,P_141,3153,dataset/politics/141.txt
Politics,P_059,3011,dataset/politics/059.txt
Politics,P_151,2712,dataset/politics/151.txt
Politics,P_058,2244,dataset/politics/058.txt
Politics,P_022,2523,dataset/politics/022.txt
Politics,P_025,1482,dataset/politics/025.txt
Politics,P_020,3315,dataset/politics/020.txt
Politics,P_023,2083,dataset/politics/023.txt
Politics,P_024,1499,dataset/politics/024.txt
Politics,P_026,1462,dataset/politics/026.txt
Politics,P_021,2859,dataset/politics/021.txt
Politics,P_077,1456,dataset/politics/077.txt
Politics,P_075,2554,dataset/politics/075.txt
Politics,P_078,3979,dataset/politics/078.txt
Politics,P_076,2491,dataset/politics/076.txt
Politics,P_079,2913,dataset/politics/079.txt
Politics,P_148,2662,dataset/politics/148.txt
Politics,P_029,2542,dataset/politics/029.txt
Politics,P_134,2638,dataset/politics/134.txt
Politics,P_136,2804,dataset/politics/136.txt
Politics,P_138,2474,dataset/politics/138.txt
Politics,P_137,3514,dataset/politics/137.txt
Politics,P_139,1845,dataset/politics/139.txt
Politics,P_107,2082,dataset/politics/107.txt
Politics,P_106,2910,dataset/politics/106.txt
Politics,P_104,2847,dataset/politics/104.txt
Politics,P_109,1909,dataset/politics/109.txt
Politics,P_108,1061,dataset/politics/108.txt
Politics,P_105,3244,dataset/politics/105.txt
Politics,P_028,1420,dataset/politics/028.txt
Politics,P_071,1723,dataset/politics/071.txt
Politics,P_070,3157,dataset/politics/070.txt
Politics,P_067,3536,dataset/politics/067.txt
Politics,P_068,3388,dataset/politics/068.txt
Politics,P_066,3095,dataset/politics/066.txt
Politics,P_065,2664,dataset/politics/065.txt
Politics,P_069,2285,dataset/politics/069.txt
Politics,P_019,3708,dataset/politics/019.txt
Politics,P_017,996,dataset/politics/017.txt
Politics,P_015,1015,dataset/politics/015.txt
Politics,P_016,1505,dataset/politics/016.txt
Politics,P_018,1615,dataset/politics/018.txt
Politics,P_145,982,dataset/politics/145.txt
Politics,P_143,2604,dataset/politics/143.txt
Politics,P_057,1305,dataset/politics/057.txt
Politics,P_126,2682,dataset/politics/126.txt
Politics,P_129,1378,dataset/politics/129.txt
Politics,P_128,3712,dataset/politics/128.txt
Politics,P_130,2637,dataset/politics/130.txt
Politics,P_125,2214,dataset/politics/125.txt
Politics,P_127,3625,dataset/politics/127.txt
Politics,P_131,2161,dataset/politics/131.txt
Politics,P_006,2008,dataset/politics/006.txt
Politics,P_010,1177,dataset/politics/010.txt
Politics,P_009,3198,dataset/politics/009.txt
Politics,P_011,1647,dataset/politics/011.txt
Politics,P_008,3117,dataset/politics/008.txt
Politics,P_007,2990,dataset/politics/007.txt
Politics,P_005,2860,dataset/politics/005.txt
Politics,P_074,1268,dataset/politics/074.txt
Politics,P_181,2413,dataset/politics/181.txt
Politics,P_182,3388,dataset/politics/182.txt
Politics,P_183,2115,dataset/politics/183.txt
Politics,P_180,3071,dataset/politics/180.txt
Politics,P_184,3368,dataset/politics/184.txt
Politics,P_179,2730,dataset/politics/179.txt
Politics,P_135,3516,dataset/politics/135.txt
Politics,P_027,4022,dataset/politics/027.txt
Politics,P_073,2239,dataset/politics/073.txt
Politics,P_095,2622,dataset/politics/095.txt
Politics,P_099,2629,dataset/politics/099.txt
Politics,P_101,3449,dataset/politics/101.txt
Politics,P_096,2137,dataset/politics/096.txt
Politics,P_097,2967,dataset/politics/097.txt
Politics,P_098,2132,dataset/politics/098.txt
Politics,P_100,3532,dataset/politics/100.txt
Politics,P_014,2770,dataset/politics/014.txt
Politics,P_133,1685,dataset/politics/133.txt
Politics,P_013,3270,dataset/politics/013.txt
Politics,P_103,2276,dataset/politics/103.txt
Politics,P_170,2707,dataset/politics/170.txt
Politics,P_174,4110,dataset/politics/174.txt
Politics,P_172,2462,dataset/politics/172.txt
Politics,P_171,1475,dataset/politics/171.txt
Politics,P_176,3206,dataset/politics/176.txt
Politics,P_173,2496,dataset/politics/173.txt
Politics,P_175,2384,dataset/politics/175.txt
Politics,P_072,3155,dataset/politics/072.txt
Politics,P_167,2719,dataset/politics/167.txt
Politics,P_165,2938,dataset/politics/165.txt
Politics,P_169,2423,dataset/politics/169.txt
Politics,P_168,3772,dataset/politics/168.txt
Politics,P_132,1959,dataset/politics/132.txt
Politics,P_163,1465,dataset/politics/163.txt
Politics,P_155,2693,dataset/politics/155.txt
Politics,P_158,1575,dataset/politics/158.txt
Politics,P_160,3135,dataset/politics/160.txt
Politics,P_161,1826,dataset/politics/161.txt
Politics,P_156,2552,dataset/politics/156.txt
Politics,P_159,3094,dataset/politics/159.txt
Politics,P_178,1285,dataset/politics/178.txt
Politics,P_012,2519,dataset/politics/012.txt
Politics,P_102,2688,dataset/politics/102.txt
Politics,P_166,2158,dataset/politics/166.txt
Politics,P_164,1786,dataset/politics/164.txt
Politics,P_177,2881,dataset/politics/177.txt
Politics,P_157,2972,dataset/politics/157.txt
Politics,P_162,1927,dataset/politics/162.txt
Politics,P_001,2601,dataset/politics/001.txt
Politics,P_003,3109,dataset/politics/003.txt
Politics,P_004,1471,dataset/politics/004.txt
Politics,P_002,2326,dataset/politics/002.txt
Entertainment,E_386,1545,dataset/entertainment/386.txt
Entertainment,E_370,1556,dataset/entertainment/370.txt
Entertainment,E_371,1393,dataset/entertainment/371.txt
Entertainment,E_372,3718,dataset/entertainment/372.txt
Entertainment,E_373,2821,dataset/entertainment/373.txt
Entertainment,E_375,2988,dataset/entertainment/375.txt
Entertainment,E_374,1337,dataset/entertainment/374.txt
Entertainment,E_345,1396,dataset/entertainment/345.txt
Entertainment,E_342,1312,dataset/entertainment/342.txt
Entertainment,E_344,954,dataset/entertainment/344.txt
Entertainment,E_340,1364,dataset/entertainment/340.txt
Entertainment,E_343,1034,dataset/entertainment/343.txt
Entertainment,E_341,1338,dataset/entertainment/341.txt
Entertainment,E_359,1109,dataset/entertainment/359.txt
Entertainment,E_360,1510,dataset/entertainment/360.txt
Entertainment,E_358,2533,dataset/entertainment/358.txt
Entertainment,E_357,3292,dataset/entertainment/357.txt
Entertainment,E_356,2075,dataset/entertainment/356.txt
Entertainment,E_355,2931,dataset/entertainment/355.txt
Entertainment,E_312,1697,dataset/entertainment/312.txt
Entertainment,E_314,6100,dataset/entertainment/314.txt
Entertainment,E_315,1626,dataset/entertainment/315.txt
Entertainment,E_313,1594,dataset/entertainment/313.txt
Entertainment,E_311,2165,dataset/entertainment/311.txt
Entertainment,E_310,1015,dataset/entertainment/310.txt
Entertainment,E_382,1251,dataset/entertainment/382.txt
Entertainment,E_379,1184,dataset/entertainment/379.txt
Entertainment,E_381,1226,dataset/entertainment/381.txt
Entertainment,E_380,1131,dataset/entertainment/380.txt
Entertainment,E_376,1814,dataset/entertainment/376.txt
Entertainment,E_378,2238,dataset/entertainment/378.txt
Entertainment,E_377,1644,dataset/entertainment/377.txt
Entertainment,E_339,1258,dataset/entertainment/339.txt
Entertainment,E_365,1185,dataset/entertainment/365.txt
Entertainment,E_363,2613,dataset/entertainment/363.txt
Entertainment,E_367,3606,dataset/entertainment/367.txt
Entertainment,E_366,1996,dataset/entertainment/366.txt
Entertainment,E_364,1206,dataset/entertainment/364.txt
Entertainment,E_361,1643,dataset/entertainment/361.txt
Entertainment,E_362,1750,dataset/entertainment/362.txt
Entertainment,E_385,1498,dataset/entertainment/385.txt
Entertainment,E_349,1377,dataset/entertainment/349.txt
Entertainment,E_346,1847,dataset/entertainment/346.txt
Entertainment,E_351,1845,dataset/entertainment/351.txt
Entertainment,E_348,1377,dataset/entertainment/348.txt
Entertainment,E_347,2228,dataset/entertainment/347.txt
Entertainment,E_352,2791,dataset/entertainment/352.txt
Entertainment,E_350,1235,dataset/entertainment/350.txt
Entertainment,E_330,1303,dataset/entertainment/330.txt
Entertainment,E_327,1846,dataset/entertainment/327.txt
Entertainment,E_328,1896,dataset/entertainment/328.txt
Entertainment,E_325,2697,dataset/entertainment/325.txt
Entertainment,E_329,1468,dataset/entertainment/329.txt
Entertainment,E_326,3802,dataset/entertainment/326.txt
Entertainment,E_354,3415,dataset/entertainment/354.txt
Entertainment,E_369,2767,dataset/entertainment/369.txt
Entertainment,E_384,1590,dataset/entertainment/384.txt
Entertainment,E_165,1051,dataset/entertainment/165.txt
Entertainment,E_164,1209,dataset/entertainment/164.txt
Entertainment,E_368,5787,dataset/entertainment/368.txt
Entertainment,E_194,1461,dataset/entertainment/194.txt
Entertainment,E_193,2942,dataset/entertainment/193.txt
Entertainment,E_192,1543,dataset/entertainment/192.txt
Entertainment,E_195,1357,dataset/entertainment/195.txt
Entertainment,E_190,1997,dataset/entertainment/190.txt
Entertainment,E_191,2370,dataset/entertainment/191.txt
Entertainment,E_238,1568,dataset/entertainment/238.txt
Entertainment,E_239,2822,dataset/entertainment/239.txt
Entertainment,E_240,1407,dataset/entertainment/240.txt
Entertainment,E_237,1286,dataset/entertainment/237.txt
Entertainment,E_236,3241,dataset/entertainment/236.txt
Entertainment,E_235,1479,dataset/entertainment/235.txt
Entertainment,E_254,2196,dataset/entertainment/254.txt
Entertainment,E_253,19138,dataset/entertainment/253.txt
Entertainment,E_252,1295,dataset/entertainment/252.txt
Entertainment,E_255,3074,dataset/entertainment/255.txt
Entertainment,E_250,1421,dataset/entertainment/250.txt
Entertainment,E_251,2097,dataset/entertainment/251.txt
Entertainment,E_383,1344,dataset/entertainment/383.txt
Entertainment,E_337,1446,dataset/entertainment/337.txt
Entertainment,E_331,1228,dataset/entertainment/331.txt
Entertainment,E_336,2297,dataset/entertainment/336.txt
Entertainment,E_333,1574,dataset/entertainment/333.txt
Entertainment,E_332,1077,dataset/entertainment/332.txt
Entertainment,E_335,1601,dataset/entertainment/335.txt
Entertainment,E_334,1692,dataset/entertainment/334.txt
Entertainment,E_265,1574,dataset/entertainment/265.txt
Entertainment,E_268,2218,dataset/entertainment/268.txt
Entertainment,E_267,1496,dataset/entertainment/267.txt
Entertainment,E_269,1616,dataset/entertainment/269.txt
Entertainment,E_270,1139,dataset/entertainment/270.txt
Entertainment,E_266,1143,dataset/entertainment/266.txt
Entertainment,E_210,1503,dataset/entertainment/210.txt
Entertainment,E_207,1783,dataset/entertainment/207.txt
Entertainment,E_209,1137,dataset/entertainment/209.txt
Entertainment,E_208,1311,dataset/entertainment/208.txt
Entertainment,E_206,1652,dataset/entertainment/206.txt
Entertainment,E_205,1343,dataset/entertainment/205.txt
Entertainment,E_177,950,dataset/entertainment/177.txt
Entertainment,E_180,1297,dataset/entertainment/180.txt
Entertainment,E_178,1392,dataset/entertainment/178.txt
Entertainment,E_179,1171,dataset/entertainment/179.txt
Entertainment,E_176,1450,dataset/entertainment/176.txt
Entertainment,E_175,1457,dataset/entertainment/175.txt
Entertainment,E_324,1314,dataset/entertainment/324.txt
Entertainment,E_309,1013,dataset/entertainment/309.txt
Entertainment,E_353,13623,dataset/entertainment/353.txt
Entertainment,E_224,1345,dataset/entertainment/224.txt
Entertainment,E_225,1661,dataset/entertainment/225.txt
Entertainment,E_223,1528,dataset/entertainment/223.txt
Entertainment,E_222,1012,dataset/entertainment/222.txt
Entertainment,E_221,2520,dataset/entertainment/221.txt
Entertainment,E_220,1649,dataset/entertainment/220.txt
Entertainment,E_150,1178,dataset/entertainment/150.txt
Entertainment,E_148,2636,dataset/entertainment/148.txt
Entertainment,E_149,1955,dataset/entertainment/149.txt
Entertainment,E_147,1457,dataset/entertainment/147.txt
Entertainment,E_146,1559,dataset/entertainment/146.txt
Entertainment,E_145,2400,dataset/entertainment/145.txt
Entertainment,E_320,1156,dataset/entertainment/320.txt
Entertainment,E_319,1964,dataset/entertainment/319.txt
Entertainment,E_317,1034,dataset/entertainment/317.txt
Entertainment,E_318,969,dataset/entertainment/318.txt
Entertainment,E_321,2207,dataset/entertainment/321.txt
Entertainment,E_322,1400,dataset/entertainment/322.txt
Entertainment,E_316,3092,dataset/entertainment/316.txt
Entertainment,E_306,3578,dataset/entertainment/306.txt
Entertainment,E_304,1361,dataset/entertainment/304.txt
Entertainment,E_301,1773,dataset/entertainment/301.txt
Entertainment,E_303,2516,dataset/entertainment/303.txt
Entertainment,E_305,4216,dataset/entertainment/305.txt
Entertainment,E_302,956,dataset/entertainment/302.txt
Entertainment,E_307,1876,dataset/entertainment/307.txt
Entertainment,E_144,1126,dataset/entertainment/144.txt
Entertainment,E_219,1368,dataset/entertainment/219.txt
Entertainment,E_284,3114,dataset/entertainment/284.txt
Entertainment,E_283,1324,dataset/entertainment/283.txt
Entertainment,E_282,2494,dataset/entertainment/282.txt
Entertainment,E_285,1275,dataset/entertainment/285.txt
Entertainment,E_281,1417,dataset/entertainment/281.txt
Entertainment,E_280,4497,dataset/entertainment/280.txt
Entertainment,E_160,1127,dataset/entertainment/160.txt
Entertainment,E_163,1248,dataset/entertainment/163.txt
Entertainment,E_162,1421,dataset/entertainment/162.txt
Entertainment,E_161,2201,dataset/entertainment/161.txt
Entertainment,E_296,1548,dataset/entertainment/296.txt
Entertainment,E_299,1447,dataset/entertainment/299.txt
Entertainment,E_298,1561,dataset/entertainment/298.txt
Entertainment,E_300,2998,dataset/entertainment/300.txt
Entertainment,E_297,1314,dataset/entertainment/297.txt
Entertainment,E_234,1797,dataset/entertainment/234.txt
Entertainment,E_189,1166,dataset/entertainment/189.txt
Entertainment,E_249,862,dataset/entertainment/249.txt
Entertainment,E_338,1275,dataset/entertainment/338.txt
Entertainment,E_204,1468,dataset/entertainment/204.txt
Entertainment,E_181,3529,dataset/entertainment/181.txt
Entertainment,E_182,2298,dataset/entertainment/182.txt
Entertainment,E_185,1409,dataset/entertainment/185.txt
Entertainment,E_184,2174,dataset/entertainment/184.txt
Entertainment,E_187,1269,dataset/entertainment/187.txt
Entertainment,E_183,1530,dataset/entertainment/183.txt
Entertainment,E_186,976,dataset/entertainment/186.txt
Entertainment,E_174,1116,dataset/entertainment/174.txt
Entertainment,E_264,3294,dataset/entertainment/264.txt
Entertainment,E_232,1135,dataset/entertainment/232.txt
Entertainment,E_228,1838,dataset/entertainment/228.txt
Entertainment,E_227,1279,dataset/entertainment/227.txt
Entertainment,E_229,3134,dataset/entertainment/229.txt
Entertainment,E_231,2306,dataset/entertainment/231.txt
Entertainment,E_226,1646,dataset/entertainment/226.txt
Entertainment,E_230,1104,dataset/entertainment/230.txt
Entertainment,E_245,2520,dataset/entertainment/245.txt
Entertainment,E_246,1228,dataset/entertainment/246.txt
Entertainment,E_247,1387,dataset/entertainment/247.txt
Entertainment,E_242,1059,dataset/entertainment/242.txt
Entertainment,E_244,3971,dataset/entertainment/244.txt
Entertainment,E_243,1162,dataset/entertainment/243.txt
Entertainment,E_241,1306,dataset/entertainment/241.txt
Entertainment,E_294,2185,dataset/entertainment/294.txt
Entertainment,E_289,2261,dataset/entertainment/289.txt
Entertainment,E_287,1650,dataset/entertainment/287.txt
Entertainment,E_290,1119,dataset/entertainment/290.txt
Entertainment,E_288,1981,dataset/entertainment/288.txt
Entertainment,E_291,2409,dataset/entertainment/291.txt
Entertainment,E_286,1358,dataset/entertainment/286.txt
Entertainment,E_256,12914,dataset/entertainment/256.txt
Entertainment,E_259,3238,dataset/entertainment/259.txt
Entertainment,E_258,2080,dataset/entertainment/258.txt
Entertainment,E_262,4810,dataset/entertainment/262.txt
Entertainment,E_257,1765,dataset/entertainment/257.txt
Entertainment,E_260,1119,dataset/entertainment/260.txt
Entertainment,E_261,1449,dataset/entertainment/261.txt
Entertainment,E_170,1060,dataset/entertainment/170.txt
Entertainment,E_169,1367,dataset/entertainment/169.txt
Entertainment,E_171,1542,dataset/entertainment/171.txt
Entertainment,E_166,1827,dataset/entertainment/166.txt
Entertainment,E_172,1401,dataset/entertainment/172.txt
Entertainment,E_168,2000,dataset/entertainment/168.txt
Entertainment,E_167,2094,dataset/entertainment/167.txt
Entertainment,E_279,1806,dataset/entertainment/279.txt
Entertainment,E_275,3926,dataset/entertainment/275.txt
Entertainment,E_271,3036,dataset/entertainment/271.txt
Entertainment,E_274,1039,dataset/entertainment/274.txt
Entertainment,E_276,2127,dataset/entertainment/276.txt
Entertainment,E_272,1081,dataset/entertainment/272.txt
Entertainment,E_273,1787,dataset/entertainment/273.txt
Entertainment,E_277,1448,dataset/entertainment/277.txt
Entertainment,E_248,2848,dataset/entertainment/248.txt
Entertainment,E_308,1380,dataset/entertainment/308.txt
Entertainment,E_154,1154,dataset/entertainment/154.txt
Entertainment,E_151,1588,dataset/entertainment/151.txt
Entertainment,E_156,1461,dataset/entertainment/156.txt
Entertainment,E_152,1659,dataset/entertainment/152.txt
Entertainment,E_159,2050,dataset/entertainment/159.txt
Entertainment,E_157,825,dataset/entertainment/157.txt
Entertainment,E_153,3434,dataset/entertainment/153.txt
Entertainment,E_155,1232,dataset/entertainment/155.txt
Entertainment,E_198,1065,dataset/entertainment/198.txt
Entertainment,E_201,3289,dataset/entertainment/201.txt
Entertainment,E_199,1460,dataset/entertainment/199.txt
Entertainment,E_200,1038,dataset/entertainment/200.txt
Entertainment,E_197,2578,dataset/entertainment/197.txt
Entertainment,E_202,2432,dataset/entertainment/202.txt
Entertainment,E_196,1466,dataset/entertainment/196.txt
Entertainment,E_217,1185,dataset/entertainment/217.txt
Entertainment,E_211,947,dataset/entertainment/211.txt
Entertainment,E_215,1497,dataset/entertainment/215.txt
Entertainment,E_216,1179,dataset/entertainment/216.txt
Entertainment,E_214,2894,dataset/entertainment/214.txt
Entertainment,E_213,3479,dataset/entertainment/213.txt
Entertainment,E_212,1496,dataset/entertainment/212.txt
Entertainment,E_137,1691,dataset/entertainment/137.txt
Entertainment,E_139,1080,dataset/entertainment/139.txt
Entertainment,E_141,3758,dataset/entertainment/141.txt
Entertainment,E_136,1394,dataset/entertainment/136.txt
Entertainment,E_140,1330,dataset/entertainment/140.txt
Entertainment,E_142,3160,dataset/entertainment/142.txt
Entertainment,E_138,1714,dataset/entertainment/138.txt
Entertainment,E_295,1318,dataset/entertainment/295.txt
Entertainment,E_135,1210,dataset/entertainment/135.txt
Entertainment,E_131,7538,dataset/entertainment/131.txt
Entertainment,E_134,1273,dataset/entertainment/134.txt
Entertainment,E_133,2400,dataset/entertainment/133.txt
Entertainment,E_132,2298,dataset/entertainment/132.txt
Entertainment,E_118,1460,dataset/entertainment/118.txt
Entertainment,E_119,1362,dataset/entertainment/119.txt
Entertainment,E_120,3311,dataset/entertainment/120.txt
Entertainment,E_116,1354,dataset/entertainment/116.txt
Entertainment,E_117,1643,dataset/entertainment/117.txt
Entertainment,E_323,3027,dataset/entertainment/323.txt
Entertainment,E_115,1534,dataset/entertainment/115.txt
Entertainment,E_188,1266,dataset/entertainment/188.txt
Entertainment,E_233,1119,dataset/entertainment/233.txt
Entertainment,E_218,1547,dataset/entertainment/218.txt
Entertainment,E_114,1481,dataset/entertainment/114.txt
Entertainment,E_107,1078,dataset/entertainment/107.txt
Entertainment,E_109,1386,dataset/entertainment/109.txt
Entertainment,E_106,1164,dataset/entertainment/106.txt
Entertainment,E_110,1477,dataset/entertainment/110.txt
Entertainment,E_111,1394,dataset/entertainment/111.txt
Entertainment,E_108,2138,dataset/entertainment/108.txt
Entertainment,E_130,2004,dataset/entertainment/130.txt
Entertainment,E_129,1449,dataset/entertainment/129.txt
Entertainment,E_123,1635,dataset/entertainment/123.txt
Entertainment,E_126,1172,dataset/entertainment/126.txt
Entertainment,E_122,4218,dataset/entertainment/122.txt
Entertainment,E_128,1238,dataset/entertainment/128.txt
Entertainment,E_121,1788,dataset/entertainment/121.txt
Entertainment,E_124,1334,dataset/entertainment/124.txt
Entertainment,E_143,2229,dataset/entertainment/143.txt
Entertainment,E_263,3401,dataset/entertainment/263.txt
Entertainment,E_173,1497,dataset/entertainment/173.txt
Entertainment,E_203,3002,dataset/entertainment/203.txt
Entertainment,E_292,1742,dataset/entertainment/292.txt
Entertainment,E_158,1714,dataset/entertainment/158.txt
Entertainment,E_293,1499,dataset/entertainment/293.txt
Entertainment,E_278,1445,dataset/entertainment/278.txt
Entertainment,E_127,2317,dataset/entertainment/127.txt
Entertainment,E_112,987,dataset/entertainment/112.txt
Entertainment,E_125,1447,dataset/entertainment/125.txt
Entertainment,E_113,1415,dataset/entertainment/113.txt
Entertainment,E_086,1896,dataset/entertainment/086.txt
Entertainment,E_089,878,dataset/entertainment/089.txt
Entertainment,E_087,1027,dataset/entertainment/087.txt
Entertainment,E_090,1821,dataset/entertainment/090.txt
Entertainment,E_088,1586,dataset/entertainment/088.txt
Entertainment,E_071,1633,dataset/entertainment/071.txt
Entertainment,E_075,2198,dataset/entertainment/075.txt
Entertainment,E_072,2018,dataset/entertainment/072.txt
Entertainment,E_074,1586,dataset/entertainment/074.txt
Entertainment,E_073,1235,dataset/entertainment/073.txt
Entertainment,E_070,1396,dataset/entertainment/070.txt
Entertainment,E_104,1204,dataset/entertainment/104.txt
Entertainment,E_105,1479,dataset/entertainment/105.txt
Entertainment,E_102,1338,dataset/entertainment/102.txt
Entertainment,E_103,2317,dataset/entertainment/103.txt
Entertainment,E_100,1821,dataset/entertainment/100.txt
Entertainment,E_058,1372,dataset/entertainment/058.txt
Entertainment,E_059,1616,dataset/entertainment/059.txt
Entertainment,E_057,1496,dataset/entertainment/057.txt
Entertainment,E_060,1046,dataset/entertainment/060.txt
Entertainment,E_056,1882,dataset/entertainment/056.txt
Entertainment,E_055,1694,dataset/entertainment/055.txt
Entertainment,E_045,1421,dataset/entertainment/045.txt
Entertainment,E_041,1296,dataset/entertainment/041.txt
Entertainment,E_042,1221,dataset/entertainment/042.txt
Entertainment,E_044,1704,dataset/entertainment/044.txt
Entertainment,E_043,2075,dataset/entertainment/043.txt
Entertainment,E_026,2266,dataset/entertainment/026.txt
Entertainment,E_028,1577,dataset/entertainment/028.txt
Entertainment,E_030,1353,dataset/entertainment/030.txt
Entertainment,E_027,1689,dataset/entertainment/027.txt
Entertainment,E_029,1738,dataset/entertainment/029.txt
Entertainment,E_025,1745,dataset/entertainment/025.txt
Entertainment,E_081,1861,dataset/entertainment/081.txt
Entertainment,E_076,1376,dataset/entertainment/076.txt
Entertainment,E_080,1520,dataset/entertainment/080.txt
Entertainment,E_077,1899,dataset/entertainment/077.txt
Entertainment,E_078,1952,dataset/entertainment/078.txt
Entertainment,E_079,1269,dataset/entertainment/079.txt
Entertainment,E_082,2149,dataset/entertainment/082.txt
Entertainment,E_095,3199,dataset/entertainment/095.txt
Entertainment,E_092,868,dataset/entertainment/092.txt
Entertainment,E_094,2444,dataset/entertainment/094.txt
Entertainment,E_091,1163,dataset/entertainment/091.txt
Entertainment,E_093,1368,dataset/entertainment/093.txt
Entertainment,E_097,1890,dataset/entertainment/097.txt
Entertainment,E_096,1692,dataset/entertainment/096.txt
Entertainment,E_009,1972,dataset/entertainment/009.txt
Entertainment,E_024,2132,dataset/entertainment/024.txt
Entertainment,E_069,1970,dataset/entertainment/069.txt
Entertainment,E_040,1665,dataset/entertainment/040.txt
Entertainment,E_084,1317,dataset/entertainment/084.txt
Entertainment,E_099,1420,dataset/entertainment/099.txt
Entertainment,E_015,1653,dataset/entertainment/015.txt
Entertainment,E_014,1422,dataset/entertainment/014.txt
Entertainment,E_012,2107,dataset/entertainment/012.txt
Entertainment,E_013,2869,dataset/entertainment/013.txt
Entertainment,E_010,1940,dataset/entertainment/010.txt
Entertainment,E_011,1247,dataset/entertainment/011.txt
Entertainment,E_101,1946,dataset/entertainment/101.txt
Entertainment,E_085,2323,dataset/entertainment/085.txt
Entertainment,E_098,1255,dataset/entertainment/098.txt
Entertainment,E_050,1605,dataset/entertainment/050.txt
Entertainment,E_052,1253,dataset/entertainment/052.txt
Entertainment,E_048,2121,dataset/entertainment/048.txt
Entertainment,E_051,1965,dataset/entertainment/051.txt
Entertainment,E_049,1601,dataset/entertainment/049.txt
Entertainment,E_047,1415,dataset/entertainment/047.txt
Entertainment,E_046,1275,dataset/entertainment/046.txt
Entertainment,E_036,1353,dataset/entertainment/036.txt
Entertainment,E_034,1923,dataset/entertainment/034.txt
Entertainment,E_035,1603,dataset/entertainment/035.txt
Entertainment,E_031,1526,dataset/entertainment/031.txt
Entertainment,E_033,1847,dataset/entertainment/033.txt
Entertainment,E_037,1556,dataset/entertainment/037.txt
Entertainment,E_032,3094,dataset/entertainment/032.txt
Entertainment,E_066,1824,dataset/entertainment/066.txt
Entertainment,E_067,1502,dataset/entertainment/067.txt
Entertainment,E_064,3262,dataset/entertainment/064.txt
Entertainment,E_061,4178,dataset/entertainment/061.txt
Entertainment,E_062,1551,dataset/entertainment/062.txt
Entertainment,E_063,1985,dataset/entertainment/063.txt
Entertainment,E_065,952,dataset/entertainment/065.txt
Entertainment,E_039,2149,dataset/entertainment/039.txt
Entertainment,E_054,1678,dataset/entertainment/054.txt
Entertainment,E_002,1582,dataset/entertainment/002.txt
Entertainment,E_006,1414,dataset/entertainment/006.txt
Entertainment,E_005,1146,dataset/entertainment/005.txt
Entertainment,E_004,1253,dataset/entertainment/004.txt
Entertainment,E_001,1150,dataset/entertainment/001.txt
Entertainment,E_007,2130,dataset/entertainment/007.txt
Entertainment,E_003,1081,dataset/entertainment/003.txt
Entertainment,E_083,984,dataset/entertainment/083.txt
Entertainment,E_020,1564,dataset/entertainment/020.txt
Entertainment,E_019,935,dataset/entertainment/019.txt
Entertainment,E_018,1454,dataset/entertainment/018.txt
Entertainment,E_021,2660,dataset/entertainment/021.txt
Entertainment,E_016,3782,dataset/entertainment/016.txt
Entertainment,E_017,1574,dataset/entertainment/017.txt
Entertainment,E_022,3387,dataset/entertainment/022.txt
Entertainment,E_023,1787,dataset/entertainment/023.txt
Entertainment,E_038,1980,dataset/entertainment/038.txt
Entertainment,E_053,1563,dataset/entertainment/053.txt
Entertainment,E_068,1380,dataset/entertainment/068.txt
Entertainment,E_008,1808,dataset/entertainment/008.txt
Business,B_507,2838,dataset/business/507.txt
Business,B_508,1402,dataset/business/508.txt
Business,B_506,1626,dataset/business/506.txt
Business,B_509,2618,dataset/business/509.txt
Business,B_510,890,dataset/business/510.txt
Business,B_505,1486,dataset/business/505.txt
Business,B_433,1013,dataset/business/433.txt
Business,B_432,1105,dataset/business/432.txt
Business,B_431,1045,dataset/business/431.txt
Business,B_435,2619,dataset/business/435.txt
Business,B_434,3566,dataset/business/434.txt
Business,B_430,2401,dataset/business/430.txt
Business,B_360,1393,dataset/business/360.txt
Business,B_359,2009,dataset/business/359.txt
Business,B_358,2692,dataset/business/358.txt
Business,B_357,1710,dataset/business/357.txt
Business,B_356,2600,dataset/business/356.txt
Business,B_355,1103,dataset/business/355.txt
Business,B_420,1447,dataset/business/420.txt
Business,B_419,1418,dataset/business/419.txt
Business,B_418,853,dataset/business/418.txt
Business,B_417,1602,dataset/business/417.txt
Business,B_416,2196,dataset/business/416.txt
Business,B_415,2330,dataset/business/415.txt
Business,B_209,2728,dataset/business/209.txt
Business,B_210,2197,dataset/business/210.txt
Business,B_205,1624,dataset/business/205.txt
Business,B_207,2004,dataset/business/207.txt
Business,B_208,1762,dataset/business/208.txt
Business,B_206,1865,dataset/business/206.txt
Business,B_464,1372,dataset/business/464.txt
Business,B_463,1051,dataset/business/463.txt
Business,B_462,1730,dataset/business/462.txt
Business,B_465,1327,dataset/business/465.txt
Business,B_461,1840,dataset/business/461.txt
Business,B_460,2014,dataset/business/460.txt
Business,B_389,1637,dataset/business/389.txt
Business,B_388,1763,dataset/business/388.txt
Business,B_387,2086,dataset/business/387.txt
Business,B_390,1432,dataset/business/390.txt
Business,B_386,1933,dataset/business/386.txt
Business,B_385,1118,dataset/business/385.txt
Business,B_477,1462,dataset/business/477.txt
Business,B_480,1017,dataset/business/480.txt
Business,B_479,2211,dataset/business/479.txt
Business,B_478,1716,dataset/business/478.txt
Business,B_476,1306,dataset/business/476.txt
Business,B_475,1796,dataset/business/475.txt
Business,B_446,1860,dataset/business/446.txt
Business,B_449,3018,dataset/business/449.txt
Business,B_448,2434,dataset/business/448.txt
Business,B_450,2428,dataset/business/450.txt
Business,B_447,1343,dataset/business/447.txt
Business,B_445,2177,dataset/business/445.txt
Business,B_504,2715,dataset/business/504.txt
Business,B_429,1714,dataset/business/429.txt
Business,B_501,3460,dataset/business/501.txt
Business,B_500,1165,dataset/business/500.txt
Business,B_496,1109,dataset/business/496.txt
Business,B_499,1382,dataset/business/499.txt
Business,B_498,3002,dataset/business/498.txt
Business,B_502,1272,dataset/business/502.txt
Business,B_497,1819,dataset/business/497.txt
Business,B_405,2856,dataset/business/405.txt
Business,B_404,1575,dataset/business/404.txt
Business,B_401,1836,dataset/business/401.txt
Business,B_403,2315,dataset/business/403.txt
Business,B_402,1811,dataset/business/402.txt
Business,B_328,1303,dataset/business/328.txt
Business,B_329,1990,dataset/business/329.txt
Business,B_330,5217,dataset/business/330.txt
Business,B_326,2467,dataset/business/326.txt
Business,B_327,1853,dataset/business/327.txt
Business,B_444,1692,dataset/business/444.txt
Business,B_297,1609,dataset/business/297.txt
Business,B_298,1597,dataset/business/298.txt
Business,B_299,2935,dataset/business/299.txt
Business,B_295,1931,dataset/business/295.txt
Business,B_300,1168,dataset/business/300.txt
Business,B_296,3114,dataset/business/296.txt
Business,B_325,1657,dataset/business/325.txt
Business,B_400,2109,dataset/business/400.txt
Business,B_442,1975,dataset/business/442.txt
Business,B_441,1938,dataset/business/441.txt
Business,B_439,1377,dataset/business/439.txt
Business,B_437,2746,dataset/business/437.txt
Business,B_436,1760,dataset/business/436.txt
Business,B_438,3127,dataset/business/438.txt
Business,B_440,2422,dataset/business/440.txt
Business,B_339,1733,dataset/business/339.txt
Business,B_474,1200,dataset/business/474.txt
Business,B_459,2089,dataset/business/459.txt
Business,B_384,2010,dataset/business/384.txt
Business,B_343,861,dataset/business/343.txt
Business,B_341,1478,dataset/business/341.txt
Business,B_345,2662,dataset/business/345.txt
Business,B_342,2107,dataset/business/342.txt
Business,B_344,2545,dataset/business/344.txt
Business,B_340,1997,dataset/business/340.txt
Business,B_373,1052,dataset/business/373.txt
Business,B_374,1687,dataset/business/374.txt
Business,B_372,946,dataset/business/372.txt
Business,B_375,1707,dataset/business/375.txt
Business,B_370,1314,dataset/business/370.txt
Business,B_371,1241,dataset/business/371.txt
Business,B_414,2194,dataset/business/414.txt
Business,B_354,3328,dataset/business/354.txt
Business,B_193,1794,dataset/business/193.txt
Business,B_192,2281,dataset/business/192.txt
Business,B_195,2527,dataset/business/195.txt
Business,B_194,1110,dataset/business/194.txt
Business,B_191,2869,dataset/business/191.txt
Business,B_190,1917,dataset/business/190.txt
Business,B_369,1151,dataset/business/369.txt
Business,B_412,2045,dataset/business/412.txt
Business,B_408,922,dataset/business/408.txt
Business,B_411,1531,dataset/business/411.txt
Business,B_409,3997,dataset/business/409.txt
Business,B_407,1519,dataset/business/407.txt
Business,B_410,1067,dataset/business/410.txt
Business,B_406,2902,dataset/business/406.txt
Business,B_346,4048,dataset/business/346.txt
Business,B_350,1167,dataset/business/350.txt
Business,B_351,1267,dataset/business/351.txt
Business,B_347,1553,dataset/business/347.txt
Business,B_349,2131,dataset/business/349.txt
Business,B_348,3078,dataset/business/348.txt
Business,B_352,887,dataset/business/352.txt
Business,B_198,1658,dataset/business/198.txt
Business,B_199,2142,dataset/business/199.txt
Business,B_202,2154,dataset/business/202.txt
Business,B_197,1650,dataset/business/197.txt
Business,B_201,1764,dataset/business/201.txt
Business,B_200,3796,dataset/business/200.txt
Business,B_196,1808,dataset/business/196.txt
Business,B_189,2445,dataset/business/189.txt
Business,B_503,1308,dataset/business/503.txt
Business,B_204,2942,dataset/business/204.txt
Business,B_294,3014,dataset/business/294.txt
Business,B_425,1479,dataset/business/425.txt
Business,B_424,2179,dataset/business/424.txt
Business,B_421,2300,dataset/business/421.txt
Business,B_427,1785,dataset/business/427.txt
Business,B_423,1500,dataset/business/423.txt
Business,B_422,1350,dataset/business/422.txt
Business,B_426,2496,dataset/business/426.txt
Business,B_493,2139,dataset/business/493.txt
Business,B_491,2127,dataset/business/491.txt
Business,B_492,944,dataset/business/492.txt
Business,B_494,3219,dataset/business/494.txt
Business,B_495,3106,dataset/business/495.txt
Business,B_490,1925,dataset/business/490.txt
Business,B_291,2684,dataset/business/291.txt
Business,B_289,1986,dataset/business/289.txt
Business,B_287,5357,dataset/business/287.txt
Business,B_290,3129,dataset/business/290.txt
Business,B_286,2143,dataset/business/286.txt
Business,B_292,2196,dataset/business/292.txt
Business,B_288,1419,dataset/business/288.txt
Business,B_324,2437,dataset/business/324.txt
Business,B_316,2128,dataset/business/316.txt
Business,B_320,1651,dataset/business/320.txt
Business,B_318,2484,dataset/business/318.txt
Business,B_321,915,dataset/business/321.txt
Business,B_317,2188,dataset/business/317.txt
Business,B_319,1915,dataset/business/319.txt
Business,B_181,2774,dataset/business/181.txt
Business,B_186,1294,dataset/business/186.txt
Business,B_182,1621,dataset/business/182.txt
Business,B_185,1891,dataset/business/185.txt
Business,B_183,4603,dataset/business/183.txt
Business,B_184,1991,dataset/business/184.txt
Business,B_187,1859,dataset/business/187.txt
Business,B_399,3354,dataset/business/399.txt
Business,B_394,1008,dataset/business/394.txt
Business,B_396,884,dataset/business/396.txt
Business,B_391,2189,dataset/business/391.txt
Business,B_393,1987,dataset/business/393.txt
Business,B_397,2136,dataset/business/397.txt
Business,B_395,1551,dataset/business/395.txt
Business,B_335,1585,dataset/business/335.txt
Business,B_332,3391,dataset/business/332.txt
Business,B_336,2376,dataset/business/336.txt
Business,B_331,1759,dataset/business/331.txt
Business,B_334,1595,dataset/business/334.txt
Business,B_337,2119,dataset/business/337.txt
Business,B_333,1841,dataset/business/333.txt
Business,B_470,866,dataset/business/470.txt
Business,B_466,1838,dataset/business/466.txt
Business,B_472,2943,dataset/business/472.txt
Business,B_471,3020,dataset/business/471.txt
Business,B_469,2029,dataset/business/469.txt
Business,B_468,1753,dataset/business/468.txt
Business,B_467,1232,dataset/business/467.txt
Business,B_473,964,dataset/business/473.txt
Business,B_487,4391,dataset/business/487.txt
Business,B_485,1503,dataset/business/485.txt
Business,B_486,1821,dataset/business/486.txt
Business,B_482,3097,dataset/business/482.txt
Business,B_481,2163,dataset/business/481.txt
Business,B_484,1277,dataset/business/484.txt
Business,B_483,1150,dataset/business/483.txt
Business,B_361,1514,dataset/business/361.txt
Business,B_363,1582,dataset/business/363.txt
Business,B_362,1517,dataset/business/362.txt
Business,B_366,2543,dataset/business/366.txt
Business,B_367,1978,dataset/business/367.txt
Business,B_364,1320,dataset/business/364.txt
Business,B_365,1174,dataset/business/365.txt
Business,B_457,2373,dataset/business/457.txt
Business,B_456,1211,dataset/business/456.txt
Business,B_454,2722,dataset/business/454.txt
Business,B_452,2015,dataset/business/452.txt
Business,B_453,1917,dataset/business/453.txt
Business,B_451,1877,dataset/business/451.txt
Business,B_455,2363,dataset/business/455.txt
Business,B_379,1359,dataset/business/379.txt
Business,B_376,1948,dataset/business/376.txt
Business,B_382,1807,dataset/business/382.txt
Business,B_378,1340,dataset/business/378.txt
Business,B_381,1370,dataset/business/381.txt
Business,B_380,1425,dataset/business/380.txt
Business,B_377,879,dataset/business/377.txt
Business,B_428,3413,dataset/business/428.txt
Business,B_443,1237,dataset/business/443.txt
Business,B_458,2173,dataset/business/458.txt
Business,B_489,1750,dataset/business/489.txt
Business,B_353,5410,dataset/business/353.txt
Business,B_413,2674,dataset/business/413.txt
Business,B_383,1825,dataset/business/383.txt
Business,B_392,2157,dataset/business/392.txt
Business,B_315,1633,dataset/business/315.txt
Business,B_312,1689,dataset/business/312.txt
Business,B_314,4464,dataset/business/314.txt
Business,B_313,1550,dataset/business/313.txt
Business,B_322,893,dataset/business/322.txt
Business,B_188,2408,dataset/business/188.txt
Business,B_338,1472,dataset/business/338.txt
Business,B_293,2259,dataset/business/293.txt
Business,B_398,1551,dataset/business/398.txt
Business,B_203,1758,dataset/business/203.txt
Business,B_368,1686,dataset/business/368.txt
Business,B_488,1886,dataset/business/488.txt
Business,B_323,2731,dataset/business/323.txt
Business,B_266,4437,dataset/business/266.txt
Business,B_268,4616,dataset/business/268.txt
Business,B_269,2535,dataset/business/269.txt
Business,B_270,2860,dataset/business/270.txt
Business,B_267,1174,dataset/business/267.txt
Business,B_309,1387,dataset/business/309.txt
Business,B_301,1071,dataset/business/301.txt
Business,B_306,1195,dataset/business/306.txt
Business,B_304,1649,dataset/business/304.txt
Business,B_305,1492,dataset/business/305.txt
Business,B_302,1334,dataset/business/302.txt
Business,B_307,2626,dataset/business/307.txt
Business,B_264,2453,dataset/business/264.txt
Business,B_257,2554,dataset/business/257.txt
Business,B_260,2984,dataset/business/260.txt
Business,B_259,1435,dataset/business/259.txt
Business,B_258,2600,dataset/business/258.txt
Business,B_261,4613,dataset/business/261.txt
Business,B_262,3430,dataset/business/262.txt
Business,B_311,1291,dataset/business/311.txt
Business,B_134,2148,dataset/business/134.txt
Business,B_131,2759,dataset/business/131.txt
Business,B_135,2385,dataset/business/135.txt
Business,B_133,1806,dataset/business/133.txt
Business,B_132,1285,dataset/business/132.txt
Business,B_163,2619,dataset/business/163.txt
Business,B_161,2348,dataset/business/161.txt
Business,B_165,2175,dataset/business/165.txt
Business,B_164,2448,dataset/business/164.txt
Business,B_162,1797,dataset/business/162.txt
Business,B_310,1394,dataset/business/310.txt
Business,B_178,1631,dataset/business/178.txt
Business,B_179,1264,dataset/business/179.txt
Business,B_180,2082,dataset/business/180.txt
Business,B_176,1782,dataset/business/176.txt
Business,B_177,2088,dataset/business/177.txt
Business,B_175,1321,dataset/business/175.txt
Business,B_282,1953,dataset/business/282.txt
Business,B_284,4492,dataset/business/284.txt
Business,B_283,994,dataset/business/283.txt
Business,B_280,1048,dataset/business/280.txt
Business,B_285,1514,dataset/business/285.txt
Business,B_265,1841,dataset/business/265.txt
Business,B_238,1903,dataset/business/238.txt
Business,B_237,1100,dataset/business/237.txt
Business,B_240,1711,dataset/business/240.txt
Business,B_239,1385,dataset/business/239.txt
Business,B_236,2390,dataset/business/236.txt
Business,B_129,1040,dataset/business/129.txt
Business,B_125,1413,dataset/business/125.txt
Business,B_124,1019,dataset/business/124.txt
Business,B_126,2156,dataset/business/126.txt
Business,B_123,1105,dataset/business/123.txt
Business,B_121,3026,dataset/business/121.txt
Business,B_127,2846,dataset/business/127.txt
Business,B_303,1979,dataset/business/303.txt
Business,B_159,3870,dataset/business/159.txt
Business,B_151,1667,dataset/business/151.txt
Business,B_156,1704,dataset/business/156.txt
Business,B_153,2300,dataset/business/153.txt
Business,B_154,2173,dataset/business/154.txt
Business,B_155,1643,dataset/business/155.txt
Business,B_152,1860,dataset/business/152.txt
Business,B_130,2518,dataset/business/130.txt
Business,B_308,1898,dataset/business/308.txt
Business,B_234,1036,dataset/business/234.txt
Business,B_229,2589,dataset/business/229.txt
Business,B_226,1797,dataset/business/226.txt
Business,B_230,1445,dataset/business/230.txt
Business,B_228,1329,dataset/business/228.txt
Business,B_232,1618,dataset/business/232.txt
Business,B_227,1205,dataset/business/227.txt
Business,B_160,2125,dataset/business/160.txt
Business,B_174,1635,dataset/business/174.txt
Business,B_271,2717,dataset/business/271.txt
Business,B_276,1034,dataset/business/276.txt
Business,B_277,5208,dataset/business/277.txt
Business,B_274,1608,dataset/business/274.txt
Business,B_273,2857,dataset/business/273.txt
Business,B_272,2358,dataset/business/272.txt
Business,B_275,1822,dataset/business/275.txt
Business,B_256,1241,dataset/business/256.txt
Business,B_171,1286,dataset/business/171.txt
Business,B_169,1055,dataset/business/169.txt
Business,B_170,1335,dataset/business/170.txt
Business,B_172,2516,dataset/business/172.txt
Business,B_168,1350,dataset/business/168.txt
Business,B_166,1542,dataset/business/166.txt
Business,B_167,1316,dataset/business/167.txt
Business,B_281,1183,dataset/business/281.txt
Business,B_263,2031,dataset/business/263.txt
Business,B_279,2519,dataset/business/279.txt
Business,B_252,3705,dataset/business/252.txt
Business,B_253,1669,dataset/business/253.txt
Business,B_251,1864,dataset/business/251.txt
Business,B_255,1120,dataset/business/255.txt
Business,B_254,1805,dataset/business/254.txt
Business,B_224,3151,dataset/business/224.txt
Business,B_223,1557,dataset/business/223.txt
Business,B_225,1379,dataset/business/225.txt
Business,B_222,2838,dataset/business/222.txt
Business,B_157,1599,dataset/business/157.txt
Business,B_235,1291,dataset/business/235.txt
Business,B_122,2411,dataset/business/122.txt
Business,B_219,1544,dataset/business/219.txt
Business,B_212,1698,dataset/business/212.txt
Business,B_216,2177,dataset/business/216.txt
Business,B_211,1597,dataset/business/211.txt
Business,B_217,3063,dataset/business/217.txt
Business,B_214,1711,dataset/business/214.txt
Business,B_213,2601,dataset/business/213.txt
Business,B_128,1824,dataset/business/128.txt
Business,B_158,901,dataset/business/158.txt
Business,B_244,2885,dataset/business/244.txt
Business,B_247,1540,dataset/business/247.txt
Business,B_245,4944,dataset/business/245.txt
Business,B_246,2367,dataset/business/246.txt
Business,B_242,3585,dataset/business/242.txt
Business,B_243,5141,dataset/business/243.txt
Business,B_241,4474,dataset/business/241.txt
Business,B_278,1162,dataset/business/278.txt
Business,B_221,1819,dataset/business/221.txt
Business,B_173,2196,dataset/business/173.txt
Business,B_149,3495,dataset/business/149.txt
Business,B_148,1477,dataset/business/148.txt
Business,B_150,2248,dataset/business/150.txt
Business,B_146,5154,dataset/business/146.txt
Business,B_147,1269,dataset/business/147.txt
Business,B_250,1660,dataset/business/250.txt
Business,B_220,2036,dataset/business/220.txt
Business,B_249,3653,dataset/business/249.txt
Business,B_231,2021,dataset/business/231.txt
Business,B_233,908,dataset/business/233.txt
Business,B_138,1769,dataset/business/138.txt
Business,B_139,1950,dataset/business/139.txt
Business,B_140,2599,dataset/business/140.txt
Business,B_137,1279,dataset/business/137.txt
Business,B_142,2047,dataset/business/142.txt
Business,B_136,3267,dataset/business/136.txt
Business,B_215,3219,dataset/business/215.txt
Business,B_116,1506,dataset/business/116.txt
Business,B_218,1230,dataset/business/218.txt
Business,B_145,1586,dataset/business/145.txt
Business,B_248,1875,dataset/business/248.txt
Business,B_144,912,dataset/business/144.txt
Business,B_118,1376,dataset/business/118.txt
Business,B_119,2805,dataset/business/119.txt
Business,B_120,1862,dataset/business/120.txt
Business,B_117,2611,dataset/business/117.txt
Business,B_104,2294,dataset/business/104.txt
Business,B_105,1296,dataset/business/105.txt
Business,B_102,1413,dataset/business/102.txt
Business,B_103,2809,dataset/business/103.txt
Business,B_114,2076,dataset/business/114.txt
Business,B_108,1073,dataset/business/108.txt
Business,B_110,1636,dataset/business/110.txt
Business,B_109,849,dataset/business/109.txt
Business,B_112,1790,dataset/business/112.txt
Business,B_111,3204,dataset/business/111.txt
Business,B_106,1762,dataset/business/106.txt
Business,B_141,1495,dataset/business/141.txt
Business,B_143,1558,dataset/business/143.txt
Business,B_099,2479,dataset/business/099.txt
Business,B_097,2635,dataset/business/097.txt
Business,B_093,1930,dataset/business/093.txt
Business,B_095,1568,dataset/business/095.txt
Business,B_094,1226,dataset/business/094.txt
Business,B_091,1896,dataset/business/091.txt
Business,B_092,2263,dataset/business/092.txt
Business,B_115,1251,dataset/business/115.txt
Business,B_101,2144,dataset/business/101.txt
Business,B_100,2059,dataset/business/100.txt
Business,B_107,1873,dataset/business/107.txt
Business,B_113,2383,dataset/business/113.txt
Business,B_096,931,dataset/business/096.txt
Business,B_098,1341,dataset/business/098.txt
Business,B_073,1542,dataset/business/073.txt
Business,B_072,1617,dataset/business/072.txt
Business,B_074,1533,dataset/business/074.txt
Business,B_075,1233,dataset/business/075.txt
Business,B_070,1174,dataset/business/070.txt
Business,B_058,1204,dataset/business/058.txt
Business,B_055,2052,dataset/business/055.txt
Business,B_059,1869,dataset/business/059.txt
Business,B_057,2628,dataset/business/057.txt
Business,B_060,915,dataset/business/060.txt
Business,B_044,2489,dataset/business/044.txt
Business,B_045,1802,dataset/business/045.txt
Business,B_041,2016,dataset/business/041.txt
Business,B_042,1399,dataset/business/042.txt
Business,B_043,1202,dataset/business/043.txt
Business,B_040,1355,dataset/business/040.txt
Business,B_088,1204,dataset/business/088.txt
Business,B_086,1170,dataset/business/086.txt
Business,B_090,2363,dataset/business/090.txt
Business,B_089,2189,dataset/business/089.txt
Business,B_087,1845,dataset/business/087.txt
Business,B_030,2487,dataset/business/030.txt
Business,B_027,1620,dataset/business/027.txt
Business,B_028,1249,dataset/business/028.txt
Business,B_025,2704,dataset/business/025.txt
Business,B_029,2492,dataset/business/029.txt
Business,B_026,1829,dataset/business/026.txt
Business,B_049,3551,dataset/business/049.txt
Business,B_069,3157,dataset/business/069.txt
Business,B_084,1328,dataset/business/084.txt
Business,B_039,1252,dataset/business/039.txt
Business,B_085,1438,dataset/business/085.txt
Business,B_054,1438,dataset/business/054.txt
Business,B_071,1288,dataset/business/071.txt
Business,B_079,1559,dataset/business/079.txt
Business,B_080,1282,dataset/business/080.txt
Business,B_078,1466,dataset/business/078.txt
Business,B_082,1222,dataset/business/082.txt
Business,B_076,1745,dataset/business/076.txt
Business,B_077,2671,dataset/business/077.txt
Business,B_056,1477,dataset/business/056.txt
Business,B_052,2991,dataset/business/052.txt
Business,B_048,1668,dataset/business/048.txt
Business,B_047,1566,dataset/business/047.txt
Business,B_050,1918,dataset/business/050.txt
Business,B_051,1783,dataset/business/051.txt
Business,B_046,1828,dataset/business/046.txt
Business,B_033,1348,dataset/business/033.txt
Business,B_036,2130,dataset/business/036.txt
Business,B_034,1780,dataset/business/034.txt
Business,B_032,1733,dataset/business/032.txt
Business,B_037,2462,dataset/business/037.txt
Business,B_031,1888,dataset/business/031.txt
Business,B_035,1217,dataset/business/035.txt
Business,B_024,1954,dataset/business/024.txt
Business,B_063,1747,dataset/business/063.txt
Business,B_066,2018,dataset/business/066.txt
Business,B_064,1768,dataset/business/064.txt
Business,B_061,1545,dataset/business/061.txt
Business,B_068,2577,dataset/business/068.txt
Business,B_062,1899,dataset/business/062.txt
Business,B_067,1874,dataset/business/067.txt
Business,B_081,1528,dataset/business/081.txt
Business,B_014,2981,dataset/business/014.txt
Business,B_012,1847,dataset/business/012.txt
Business,B_010,1449,dataset/business/010.txt
Business,B_013,1830,dataset/business/013.txt
Business,B_015,3808,dataset/business/015.txt
Business,B_011,1144,dataset/business/011.txt
Business,B_022,1933,dataset/business/022.txt
Business,B_018,1002,dataset/business/018.txt
Business,B_020,3854,dataset/business/020.txt
Business,B_016,1393,dataset/business/016.txt
Business,B_021,2046,dataset/business/021.txt
Business,B_017,1299,dataset/business/017.txt
Business,B_019,1733,dataset/business/019.txt
Business,B_053,1382,dataset/business/053.txt
Business,B_083,3049,dataset/business/083.txt
Business,B_065,2112,dataset/business/065.txt
Business,B_009,1494,dataset/business/009.txt
Business,B_006,1187,dataset/business/006.txt
Business,B_023,1267,dataset/business/023.txt
Business,B_038,930,dataset/business/038.txt
Business,B_002,2252,dataset/business/002.txt
Business,B_003,1552,dataset/business/003.txt
Business,B_001,2560,dataset/business/001.txt
Business,B_005,1570,dataset/business/005.txt
Business,B_004,2412,dataset/business/004.txt
Business,B_007,1669,dataset/business/007.txt
Business,B_008,1922,dataset/business/008.txt
Sport,S_485,784,dataset/sport/485.txt
Sport,S_483,1955,dataset/sport/483.txt
Sport,S_487,1224,dataset/sport/487.txt
Sport,S_484,1014,dataset/sport/484.txt
Sport,S_486,2380,dataset/sport/486.txt
Sport,S_482,984,dataset/sport/482.txt
Sport,S_499,1076,dataset/sport/499.txt
Sport,S_501,771,dataset/sport/501.txt
Sport,S_502,1849,dataset/sport/502.txt
Sport,S_498,760,dataset/sport/498.txt
Sport,S_500,2360,dataset/sport/500.txt
Sport,S_497,1420,dataset/sport/497.txt
Sport,S_456,934,dataset/sport/456.txt
Sport,S_454,813,dataset/sport/454.txt
Sport,S_452,895,dataset/sport/452.txt
Sport,S_455,1527,dataset/sport/455.txt
Sport,S_457,771,dataset/sport/457.txt
Sport,S_453,925,dataset/sport/453.txt
Sport,S_391,2952,dataset/sport/391.txt
Sport,S_436,1603,dataset/sport/436.txt
Sport,S_506,757,dataset/sport/506.txt
Sport,S_505,785,dataset/sport/505.txt
Sport,S_509,1149,dataset/sport/509.txt
Sport,S_504,757,dataset/sport/504.txt
Sport,S_503,1587,dataset/sport/503.txt
Sport,S_507,1371,dataset/sport/507.txt
Sport,S_508,776,dataset/sport/508.txt
Sport,S_466,2335,dataset/sport/466.txt
Sport,S_451,1222,dataset/sport/451.txt
Sport,S_481,1594,dataset/sport/481.txt
Sport,S_496,1514,dataset/sport/496.txt
Sport,S_422,911,dataset/sport/422.txt
Sport,S_427,1137,dataset/sport/427.txt
Sport,S_426,1787,dataset/sport/426.txt
Sport,S_424,1410,dataset/sport/424.txt
Sport,S_425,1797,dataset/sport/425.txt
Sport,S_511,1174,dataset/sport/511.txt
Sport,S_395,3848,dataset/sport/395.txt
Sport,S_396,1991,dataset/sport/396.txt
Sport,S_397,2374,dataset/sport/397.txt
Sport,S_394,1108,dataset/sport/394.txt
Sport,S_392,1141,dataset/sport/392.txt
Sport,S_393,1017,dataset/sport/393.txt
Sport,S_439,1316,dataset/sport/439.txt
Sport,S_440,982,dataset/sport/440.txt
Sport,S_442,944,dataset/sport/442.txt
Sport,S_441,923,dataset/sport/441.txt
Sport,S_437,1494,dataset/sport/437.txt
Sport,S_438,1438,dataset/sport/438.txt
Sport,S_467,786,dataset/sport/467.txt
Sport,S_471,791,dataset/sport/471.txt
Sport,S_469,2414,dataset/sport/469.txt
Sport,S_470,2411,dataset/sport/470.txt
Sport,S_472,1988,dataset/sport/472.txt
Sport,S_468,2250,dataset/sport/468.txt
Sport,S_443,883,dataset/sport/443.txt
Sport,S_447,1750,dataset/sport/447.txt
Sport,S_449,2743,dataset/sport/449.txt
Sport,S_448,2534,dataset/sport/448.txt
Sport,S_445,1579,dataset/sport/445.txt
Sport,S_446,2804,dataset/sport/446.txt
Sport,S_444,804,dataset/sport/444.txt
Sport,S_463,894,dataset/sport/463.txt
Sport,S_460,960,dataset/sport/460.txt
Sport,S_458,1220,dataset/sport/458.txt
Sport,S_461,1767,dataset/sport/461.txt
Sport,S_462,1171,dataset/sport/462.txt
Sport,S_459,1039,dataset/sport/459.txt
Sport,S_464,2378,dataset/sport/464.txt
Sport,S_493,3367,dataset/sport/493.txt
Sport,S_492,1391,dataset/sport/492.txt
Sport,S_491,7766,dataset/sport/491.txt
Sport,S_489,2214,dataset/sport/489.txt
Sport,S_490,2223,dataset/sport/490.txt
Sport,S_488,2097,dataset/sport/488.txt
Sport,S_494,1123,dataset/sport/494.txt
Sport,S_478,1293,dataset/sport/478.txt
Sport,S_473,2357,dataset/sport/473.txt
Sport,S_477,1981,dataset/sport/477.txt
Sport,S_476,5274,dataset/sport/476.txt
Sport,S_474,2197,dataset/sport/474.txt
Sport,S_475,1230,dataset/sport/475.txt
Sport,S_479,1296,dataset/sport/479.txt
Sport,S_423,2312,dataset/sport/423.txt
Sport,S_412,1835,dataset/sport/412.txt
Sport,S_410,1937,dataset/sport/410.txt
Sport,S_407,2776,dataset/sport/407.txt
Sport,S_409,2094,dataset/sport/409.txt
Sport,S_411,1371,dataset/sport/411.txt
Sport,S_408,1284,dataset/sport/408.txt
Sport,S_387,2923,dataset/sport/387.txt
Sport,S_385,2921,dataset/sport/385.txt
Sport,S_386,1705,dataset/sport/386.txt
Sport,S_384,2364,dataset/sport/384.txt
Sport,S_389,1221,dataset/sport/389.txt
Sport,S_388,985,dataset/sport/388.txt
Sport,S_383,3416,dataset/sport/383.txt
Sport,S_421,1886,dataset/sport/421.txt
Sport,S_406,2138,dataset/sport/406.txt
Sport,S_434,1054,dataset/sport/434.txt
Sport,S_431,1591,dataset/sport/431.txt
Sport,S_433,1802,dataset/sport/433.txt
Sport,S_429,1207,dataset/sport/429.txt
Sport,S_428,1056,dataset/sport/428.txt
Sport,S_432,1439,dataset/sport/432.txt
Sport,S_430,1603,dataset/sport/430.txt
Sport,S_382,2460,dataset/sport/382.txt
Sport,S_378,2133,dataset/sport/378.txt
Sport,S_381,1323,dataset/sport/381.txt
Sport,S_379,2431,dataset/sport/379.txt
Sport,S_380,2391,dataset/sport/380.txt
Sport,S_377,3760,dataset/sport/377.txt
Sport,S_510,1774,dataset/sport/510.txt
Sport,S_306,1656,dataset/sport/306.txt
Sport,S_305,939,dataset/sport/305.txt
Sport,S_307,2040,dataset/sport/307.txt
Sport,S_304,1338,dataset/sport/304.txt
Sport,S_302,2870,dataset/sport/302.txt
Sport,S_303,2516,dataset/sport/303.txt
Sport,S_337,1929,dataset/sport/337.txt
Sport,S_336,2165,dataset/sport/336.txt
Sport,S_334,1661,dataset/sport/334.txt
Sport,S_333,2424,dataset/sport/333.txt
Sport,S_335,1284,dataset/sport/335.txt
Sport,S_332,2240,dataset/sport/332.txt
Sport,S_450,1667,dataset/sport/450.txt
Sport,S_465,1798,dataset/sport/465.txt
Sport,S_274,2111,dataset/sport/274.txt
Sport,S_273,1589,dataset/sport/273.txt
Sport,S_275,1414,dataset/sport/275.txt
Sport,S_276,1712,dataset/sport/276.txt
Sport,S_277,1181,dataset/sport/277.txt
Sport,S_272,1502,dataset/sport/272.txt
Sport,S_258,1540,dataset/sport/258.txt
Sport,S_262,765,dataset/sport/262.txt
Sport,S_257,1540,dataset/sport/257.txt
Sport,S_260,2807,dataset/sport/260.txt
Sport,S_259,1075,dataset/sport/259.txt
Sport,S_261,875,dataset/sport/261.txt
Sport,S_495,4007,dataset/sport/495.txt
Sport,S_480,2699,dataset/sport/480.txt
Sport,S_399,1702,dataset/sport/399.txt
Sport,S_400,1816,dataset/sport/400.txt
Sport,S_401,3634,dataset/sport/401.txt
Sport,S_403,3429,dataset/sport/403.txt
Sport,S_404,3708,dataset/sport/404.txt
Sport,S_402,1442,dataset/sport/402.txt
Sport,S_398,1345,dataset/sport/398.txt
Sport,S_413,3074,dataset/sport/413.txt
Sport,S_418,1113,dataset/sport/418.txt
Sport,S_415,2415,dataset/sport/415.txt
Sport,S_419,1232,dataset/sport/419.txt
Sport,S_414,3966,dataset/sport/414.txt
Sport,S_417,1311,dataset/sport/417.txt
Sport,S_416,4223,dataset/sport/416.txt
Sport,S_405,4257,dataset/sport/405.txt
Sport,S_319,788,dataset/sport/319.txt
Sport,S_320,2315,dataset/sport/320.txt
Sport,S_322,2417,dataset/sport/322.txt
Sport,S_318,1518,dataset/sport/318.txt
Sport,S_321,1328,dataset/sport/321.txt
Sport,S_390,976,dataset/sport/390.txt
Sport,S_420,1762,dataset/sport/420.txt
Sport,S_376,2369,dataset/sport/376.txt
Sport,S_289,2141,dataset/sport/289.txt
Sport,S_288,1227,dataset/sport/288.txt
Sport,S_290,2380,dataset/sport/290.txt
Sport,S_291,1971,dataset/sport/291.txt
Sport,S_292,1273,dataset/sport/292.txt
Sport,S_331,3032,dataset/sport/331.txt
Sport,S_351,1381,dataset/sport/351.txt
Sport,S_352,1727,dataset/sport/352.txt
Sport,S_349,2133,dataset/sport/349.txt
Sport,S_347,1770,dataset/sport/347.txt
Sport,S_350,1195,dataset/sport/350.txt
Sport,S_348,1691,dataset/sport/348.txt
Sport,S_435,1693,dataset/sport/435.txt
Sport,S_301,1213,dataset/sport/301.txt
Sport,S_367,2243,dataset/sport/367.txt
Sport,S_364,4518,dataset/sport/364.txt
Sport,S_362,1292,dataset/sport/362.txt
Sport,S_366,1935,dataset/sport/366.txt
Sport,S_365,2015,dataset/sport/365.txt
Sport,S_363,1735,dataset/sport/363.txt
Sport,S_317,879,dataset/sport/317.txt
Sport,S_241,1023,dataset/sport/241.txt
Sport,S_326,1604,dataset/sport/326.txt
Sport,S_325,813,dataset/sport/325.txt
Sport,S_327,2525,dataset/sport/327.txt
Sport,S_323,3011,dataset/sport/323.txt
Sport,S_329,2627,dataset/sport/329.txt
Sport,S_324,938,dataset/sport/324.txt
Sport,S_328,2616,dataset/sport/328.txt
Sport,S_287,2108,dataset/sport/287.txt
Sport,S_373,2514,dataset/sport/373.txt
Sport,S_370,1872,dataset/sport/370.txt
Sport,S_374,1502,dataset/sport/374.txt
Sport,S_372,1553,dataset/sport/372.txt
Sport,S_369,1280,dataset/sport/369.txt
Sport,S_368,4334,dataset/sport/368.txt
Sport,S_371,9473,dataset/sport/371.txt
Sport,S_232,2535,dataset/sport/232.txt
Sport,S_229,864,dataset/sport/229.txt
Sport,S_230,1085,dataset/sport/230.txt
Sport,S_228,2296,dataset/sport/228.txt
Sport,S_231,2464,dataset/sport/231.txt
Sport,S_227,2955,dataset/sport/227.txt
Sport,S_346,1257,dataset/sport/346.txt
Sport,S_271,957,dataset/sport/271.txt
Sport,S_256,742,dataset/sport/256.txt
Sport,S_294,2386,dataset/sport/294.txt
Sport,S_293,1958,dataset/sport/293.txt
Sport,S_298,1092,dataset/sport/298.txt
Sport,S_299,2482,dataset/sport/299.txt
Sport,S_296,943,dataset/sport/296.txt
Sport,S_295,1538,dataset/sport/295.txt
Sport,S_297,1066,dataset/sport/297.txt
Sport,S_245,1787,dataset/sport/245.txt
Sport,S_247,1789,dataset/sport/247.txt
Sport,S_243,2350,dataset/sport/243.txt
Sport,S_244,1339,dataset/sport/244.txt
Sport,S_246,3344,dataset/sport/246.txt
Sport,S_242,1376,dataset/sport/242.txt
Sport,S_286,1391,dataset/sport/286.txt
Sport,S_342,1967,dataset/sport/342.txt
Sport,S_338,2554,dataset/sport/338.txt
Sport,S_344,2240,dataset/sport/344.txt
Sport,S_343,1539,dataset/sport/343.txt
Sport,S_340,2608,dataset/sport/340.txt
Sport,S_341,1241,dataset/sport/341.txt
Sport,S_339,1827,dataset/sport/339.txt
Sport,S_251,3336,dataset/sport/251.txt
Sport,S_254,2355,dataset/sport/254.txt
Sport,S_250,1894,dataset/sport/250.txt
Sport,S_253,1878,dataset/sport/253.txt
Sport,S_248,2028,dataset/sport/248.txt
Sport,S_249,721,dataset/sport/249.txt
Sport,S_252,1093,dataset/sport/252.txt
Sport,S_202,1186,dataset/sport/202.txt
Sport,S_200,1622,dataset/sport/200.txt
Sport,S_199,2653,dataset/sport/199.txt
Sport,S_197,1820,dataset/sport/197.txt
Sport,S_201,1531,dataset/sport/201.txt
Sport,S_198,1295,dataset/sport/198.txt
Sport,S_267,1875,dataset/sport/267.txt
Sport,S_264,1953,dataset/sport/264.txt
Sport,S_266,902,dataset/sport/266.txt
Sport,S_263,944,dataset/sport/263.txt
Sport,S_265,1212,dataset/sport/265.txt
Sport,S_268,3459,dataset/sport/268.txt
Sport,S_269,2635,dataset/sport/269.txt
Sport,S_330,2822,dataset/sport/330.txt
Sport,S_300,1737,dataset/sport/300.txt
Sport,S_316,1895,dataset/sport/316.txt
Sport,S_375,4419,dataset/sport/375.txt
Sport,S_226,1398,dataset/sport/226.txt
Sport,S_281,1403,dataset/sport/281.txt
Sport,S_283,2675,dataset/sport/283.txt
Sport,S_284,2201,dataset/sport/284.txt
Sport,S_280,1096,dataset/sport/280.txt
Sport,S_282,892,dataset/sport/282.txt
Sport,S_278,2510,dataset/sport/278.txt
Sport,S_279,759,dataset/sport/279.txt
Sport,S_239,834,dataset/sport/239.txt
Sport,S_235,4437,dataset/sport/235.txt
Sport,S_238,1198,dataset/sport/238.txt
Sport,S_236,1755,dataset/sport/236.txt
Sport,S_233,1996,dataset/sport/233.txt
Sport,S_237,1182,dataset/sport/237.txt
Sport,S_234,1280,dataset/sport/234.txt
Sport,S_216,3642,dataset/sport/216.txt
Sport,S_214,820,dataset/sport/214.txt
Sport,S_217,1878,dataset/sport/217.txt
Sport,S_212,2420,dataset/sport/212.txt
Sport,S_215,1560,dataset/sport/215.txt
Sport,S_213,1114,dataset/sport/213.txt
Sport,S_191,732,dataset/sport/191.txt
Sport,S_194,854,dataset/sport/194.txt
Sport,S_190,1602,dataset/sport/190.txt
Sport,S_189,1726,dataset/sport/189.txt
Sport,S_192,2325,dataset/sport/192.txt
Sport,S_193,1348,dataset/sport/193.txt
Sport,S_188,1799,dataset/sport/188.txt
Sport,S_315,1642,dataset/sport/315.txt
Sport,S_357,1424,dataset/sport/357.txt
Sport,S_359,2135,dataset/sport/359.txt
Sport,S_354,2915,dataset/sport/354.txt
Sport,S_358,2661,dataset/sport/358.txt
Sport,S_356,902,dataset/sport/356.txt
Sport,S_353,1540,dataset/sport/353.txt
Sport,S_355,1702,dataset/sport/355.txt
Sport,S_211,1872,dataset/sport/211.txt
Sport,S_240,3000,dataset/sport/240.txt
Sport,S_285,2259,dataset/sport/285.txt
Sport,S_221,1134,dataset/sport/221.txt
Sport,S_218,4541,dataset/sport/218.txt
Sport,S_222,2207,dataset/sport/222.txt
Sport,S_223,2176,dataset/sport/223.txt
Sport,S_220,762,dataset/sport/220.txt
Sport,S_219,1547,dataset/sport/219.txt
Sport,S_224,894,dataset/sport/224.txt
Sport,S_345,1699,dataset/sport/345.txt
Sport,S_270,1463,dataset/sport/270.txt
Sport,S_255,1093,dataset/sport/255.txt
Sport,S_361,1691,dataset/sport/361.txt
Sport,S_196,1658,dataset/sport/196.txt
Sport,S_312,4224,dataset/sport/312.txt
Sport,S_311,3551,dataset/sport/311.txt
Sport,S_308,3366,dataset/sport/308.txt
Sport,S_313,3329,dataset/sport/313.txt
Sport,S_314,2881,dataset/sport/314.txt
Sport,S_310,2523,dataset/sport/310.txt
Sport,S_309,2228,dataset/sport/309.txt
Sport,S_185,1349,dataset/sport/185.txt
Sport,S_187,1188,dataset/sport/187.txt
Sport,S_184,1350,dataset/sport/184.txt
Sport,S_186,1755,dataset/sport/186.txt
Sport,S_182,2914,dataset/sport/182.txt
Sport,S_183,1674,dataset/sport/183.txt
Sport,S_168,1427,dataset/sport/168.txt
Sport,S_172,1773,dataset/sport/172.txt
Sport,S_169,1580,dataset/sport/169.txt
Sport,S_171,777,dataset/sport/171.txt
Sport,S_170,2205,dataset/sport/170.txt
Sport,S_210,3400,dataset/sport/210.txt
Sport,S_225,829,dataset/sport/225.txt
Sport,S_195,2240,dataset/sport/195.txt
Sport,S_360,1348,dataset/sport/360.txt
Sport,S_208,2499,dataset/sport/208.txt
Sport,S_205,2178,dataset/sport/205.txt
Sport,S_206,1372,dataset/sport/206.txt
Sport,S_207,2310,dataset/sport/207.txt
Sport,S_204,1352,dataset/sport/204.txt
Sport,S_209,1872,dataset/sport/209.txt
Sport,S_203,729,dataset/sport/203.txt
Sport,S_151,1271,dataset/sport/151.txt
Sport,S_181,2913,dataset/sport/181.txt
Sport,S_164,1225,dataset/sport/164.txt
Sport,S_161,1045,dataset/sport/161.txt
Sport,S_158,2121,dataset/sport/158.txt
Sport,S_160,3035,dataset/sport/160.txt
Sport,S_159,1380,dataset/sport/159.txt
Sport,S_163,3138,dataset/sport/163.txt
Sport,S_162,826,dataset/sport/162.txt
Sport,S_166,1833,dataset/sport/166.txt
Sport,S_155,1710,dataset/sport/155.txt
Sport,S_157,1704,dataset/sport/157.txt
Sport,S_154,1728,dataset/sport/154.txt
Sport,S_156,1644,dataset/sport/156.txt
Sport,S_152,2523,dataset/sport/152.txt
Sport,S_153,1300,dataset/sport/153.txt
Sport,S_139,3122,dataset/sport/139.txt
Sport,S_140,2235,dataset/sport/140.txt
Sport,S_142,2188,dataset/sport/142.txt
Sport,S_141,885,dataset/sport/141.txt
Sport,S_138,1371,dataset/sport/138.txt
Sport,S_167,771,dataset/sport/167.txt
Sport,S_136,882,dataset/sport/136.txt
Sport,S_144,1169,dataset/sport/144.txt
Sport,S_148,955,dataset/sport/148.txt
Sport,S_147,1936,dataset/sport/147.txt
Sport,S_146,2823,dataset/sport/146.txt
Sport,S_145,1641,dataset/sport/145.txt
Sport,S_143,860,dataset/sport/143.txt
Sport,S_149,1521,dataset/sport/149.txt
Sport,S_178,1357,dataset/sport/178.txt
Sport,S_179,3629,dataset/sport/179.txt
Sport,S_175,788,dataset/sport/175.txt
Sport,S_174,985,dataset/sport/174.txt
Sport,S_173,851,dataset/sport/173.txt
Sport,S_177,1564,dataset/sport/177.txt
Sport,S_176,1726,dataset/sport/176.txt
Sport,S_137,1991,dataset/sport/137.txt
Sport,S_180,3783,dataset/sport/180.txt
Sport,S_165,1054,dataset/sport/165.txt
Sport,S_150,1733,dataset/sport/150.txt
Sport,S_043,3057,dataset/sport/043.txt
Sport,S_045,1838,dataset/sport/045.txt
Sport,S_041,1248,dataset/sport/041.txt
Sport,S_044,1536,dataset/sport/044.txt
Sport,S_042,1289,dataset/sport/042.txt
Sport,S_040,4281,dataset/sport/040.txt
Sport,S_059,3640,dataset/sport/059.txt
Sport,S_060,2208,dataset/sport/060.txt
Sport,S_058,4982,dataset/sport/058.txt
Sport,S_056,850,dataset/sport/056.txt
Sport,S_057,4392,dataset/sport/057.txt
Sport,S_088,2861,dataset/sport/088.txt
Sport,S_087,1075,dataset/sport/087.txt
Sport,S_089,1702,dataset/sport/089.txt
Sport,S_085,787,dataset/sport/085.txt
Sport,S_090,1976,dataset/sport/090.txt
Sport,S_086,1027,dataset/sport/086.txt
Sport,S_026,940,dataset/sport/026.txt
Sport,S_027,991,dataset/sport/027.txt
Sport,S_029,859,dataset/sport/029.txt
Sport,S_028,1811,dataset/sport/028.txt
Sport,S_030,4255,dataset/sport/030.txt
Sport,S_025,1639,dataset/sport/025.txt
Sport,S_119,2749,dataset/sport/119.txt
Sport,S_117,1201,dataset/sport/117.txt
Sport,S_118,6093,dataset/sport/118.txt
Sport,S_120,1112,dataset/sport/120.txt
Sport,S_116,832,dataset/sport/116.txt
Sport,S_133,1917,dataset/sport/133.txt
Sport,S_135,992,dataset/sport/135.txt
Sport,S_132,1389,dataset/sport/132.txt
Sport,S_134,1798,dataset/sport/134.txt
Sport,S_130,779,dataset/sport/130.txt
Sport,S_131,1410,dataset/sport/131.txt
Sport,S_039,1000,dataset/sport/039.txt
Sport,S_084,806,dataset/sport/084.txt
Sport,S_055,1416,dataset/sport/055.txt
Sport,S_075,2899,dataset/sport/075.txt
Sport,S_073,1011,dataset/sport/073.txt
Sport,S_071,1185,dataset/sport/071.txt
Sport,S_072,3132,dataset/sport/072.txt
Sport,S_074,775,dataset/sport/074.txt
Sport,S_104,3688,dataset/sport/104.txt
Sport,S_105,3682,dataset/sport/105.txt
Sport,S_101,3639,dataset/sport/101.txt
Sport,S_103,970,dataset/sport/103.txt
Sport,S_102,2017,dataset/sport/102.txt
Sport,S_100,2039,dataset/sport/100.txt
Sport,S_005,939,dataset/sport/005.txt
Sport,S_002,902,dataset/sport/002.txt
Sport,S_004,1125,dataset/sport/004.txt
Sport,S_006,811,dataset/sport/006.txt
Sport,S_003,2045,dataset/sport/003.txt
Sport,S_007,743,dataset/sport/007.txt
Sport,S_001,1238,dataset/sport/001.txt
Sport,S_054,1839,dataset/sport/054.txt
Sport,S_050,1571,dataset/sport/050.txt
Sport,S_047,1645,dataset/sport/047.txt
Sport,S_051,1659,dataset/sport/051.txt
Sport,S_046,1171,dataset/sport/046.txt
Sport,S_048,2620,dataset/sport/048.txt
Sport,S_049,2853,dataset/sport/049.txt
Sport,S_024,1005,dataset/sport/024.txt
Sport,S_096,1455,dataset/sport/096.txt
Sport,S_094,1264,dataset/sport/094.txt
Sport,S_093,4191,dataset/sport/093.txt
Sport,S_095,3227,dataset/sport/095.txt
Sport,S_091,1852,dataset/sport/091.txt
Sport,S_092,859,dataset/sport/092.txt
Sport,S_097,2424,dataset/sport/097.txt
Sport,S_129,1397,dataset/sport/129.txt
Sport,S_115,3565,dataset/sport/115.txt
Sport,S_015,882,dataset/sport/015.txt
Sport,S_014,2796,dataset/sport/014.txt
Sport,S_012,1300,dataset/sport/012.txt
Sport,S_013,1857,dataset/sport/013.txt
Sport,S_010,1440,dataset/sport/010.txt
Sport,S_011,1139,dataset/sport/011.txt
Sport,S_070,3712,dataset/sport/070.txt
Sport,S_099,1374,dataset/sport/099.txt
Sport,S_036,1328,dataset/sport/036.txt
Sport,S_034,5104,dataset/sport/034.txt
Sport,S_031,840,dataset/sport/031.txt
Sport,S_033,1585,dataset/sport/033.txt
Sport,S_032,1209,dataset/sport/032.txt
Sport,S_035,1900,dataset/sport/035.txt
Sport,S_037,1635,dataset/sport/037.txt
Sport,S_079,1455,dataset/sport/079.txt
Sport,S_078,1001,dataset/sport/078.txt
Sport,S_080,1312,dataset/sport/080.txt
Sport,S_082,2374,dataset/sport/082.txt
Sport,S_081,2170,dataset/sport/081.txt
Sport,S_076,1298,dataset/sport/076.txt
Sport,S_077,806,dataset/sport/077.txt
Sport,S_019,815,dataset/sport/019.txt
Sport,S_021,1564,dataset/sport/021.txt
Sport,S_022,1253,dataset/sport/022.txt
Sport,S_017,1549,dataset/sport/017.txt
Sport,S_020,1300,dataset/sport/020.txt
Sport,S_016,1553,dataset/sport/016.txt
Sport,S_018,1462,dataset/sport/018.txt
Sport,S_083,770,dataset/sport/083.txt
Sport,S_038,2036,dataset/sport/038.txt
Sport,S_066,4800,dataset/sport/066.txt
Sport,S_065,1567,dataset/sport/065.txt
Sport,S_062,1406,dataset/sport/062.txt
Sport,S_064,1224,dataset/sport/064.txt
Sport,S_063,1614,dataset/sport/063.txt
Sport,S_061,3884,dataset/sport/061.txt
Sport,S_067,984,dataset/sport/067.txt
Sport,S_121,7333,dataset/sport/121.txt
Sport,S_124,1719,dataset/sport/124.txt
Sport,S_127,911,dataset/sport/127.txt
Sport,S_123,1331,dataset/sport/123.txt
Sport,S_126,2312,dataset/sport/126.txt
Sport,S_122,1757,dataset/sport/122.txt
Sport,S_125,1673,dataset/sport/125.txt
Sport,S_069,4719,dataset/sport/069.txt
Sport,S_009,2234,dataset/sport/009.txt
Sport,S_114,1676,dataset/sport/114.txt
Sport,S_106,3413,dataset/sport/106.txt
Sport,S_111,2589,dataset/sport/111.txt
Sport,S_110,1218,dataset/sport/110.txt
Sport,S_108,2966,dataset/sport/108.txt
Sport,S_107,2611,dataset/sport/107.txt
Sport,S_109,2640,dataset/sport/109.txt
Sport,S_052,806,dataset/sport/052.txt
Sport,S_098,784,dataset/sport/098.txt
Sport,S_128,1385,dataset/sport/128.txt
Sport,S_053,929,dataset/sport/053.txt
Sport,S_112,7324,dataset/sport/112.txt
Sport,S_068,4023,dataset/sport/068.txt
Sport,S_113,1407,dataset/sport/113.txt
Sport,S_023,2542,dataset/sport/023.txt
Sport,S_008,1287,dataset/sport/008.txt
